,path
0,GZIP_y2016_s1000/CIK__1001039__serial__865072__date__2016-04-05.txt.gz
1,GZIP_y2016_s1000/CIK__1001288__serial__885464__date__2016-07-29.txt.gz
2,GZIP_y2016_s1000/CIK__1001385__serial__902512__date__2016-10-24.txt.gz
3,GZIP_y2016_s1000/CIK__1002638__serial__865135__date__2016-05-25.txt.gz
4,GZIP_y2016_s1000/CIK__1004158__serial__846953__date__2016-02-19.txt.gz
5,GZIP_y2016_s1000/CIK__1004702__serial__865185__date__2016-05-02.txt.gz
6,GZIP_y2016_s1000/CIK__1004702__serial__885538__date__2016-07-13.txt.gz
7,GZIP_y2016_s1000/CIK__1004724__serial__846970__date__2016-01-04.txt.gz
8,GZIP_y2016_s1000/CIK__1004980__serial__846990__date__2016-03-22.txt.gz
9,GZIP_y2016_s1000/CIK__1004980__serial__902607__date__2016-12-05.txt.gz
10,GZIP_y2016_s1000/CIK__100517___serial__885572__date__2016-07-19.txt.gz
11,GZIP_y2016_s1000/CIK__1005757__serial__847032__date__2016-02-03.txt.gz
12,GZIP_y2016_s1000/CIK__100625___serial__847045__date__2016-01-15.txt.gz
13,GZIP_y2016_s1000/CIK__1006281__serial__847049__date__2016-01-04.txt.gz
14,GZIP_y2016_s1000/CIK__1006424__serial__865292__date__2016-05-26.txt.gz
15,GZIP_y2016_s1000/CIK__100726___serial__847065__date__2016-02-05.txt.gz
16,GZIP_y2016_s1000/CIK__100885___serial__847088__date__2016-03-01.txt.gz
17,GZIP_y2016_s1000/CIK__1010612__serial__847110__date__2016-03-08.txt.gz
18,GZIP_y2016_s1000/CIK__1013462__serial__865493__date__2016-05-26.txt.gz
19,GZIP_y2016_s1000/CIK__1016169__serial__885812__date__2016-08-11.txt.gz
20,GZIP_y2016_s1000/CIK__1017290__serial__885827__date__2016-07-06.txt.gz
21,GZIP_y2016_s1000/CIK__101778___serial__885845__date__2016-09-29.txt.gz
22,GZIP_y2016_s1000/CIK__1019034__serial__902935__date__2016-12-28.txt.gz
23,GZIP_y2016_s1000/CIK__1021096__serial__847356__date__2016-02-03.txt.gz
24,GZIP_y2016_s1000/CIK__1023291__serial__885974__date__2016-08-09.txt.gz
25,GZIP_y2016_s1000/CIK__1023364__serial__885979__date__2016-08-09.txt.gz
26,GZIP_y2016_s1000/CIK__1023459__serial__903049__date__2016-11-01.txt.gz
27,GZIP_y2016_s1000/CIK__1023994__serial__903061__date__2016-11-22.txt.gz
28,GZIP_y2016_s1000/CIK__1024657__serial__865832__date__2016-04-25.txt.gz
29,GZIP_y2016_s1000/CIK__1025362__serial__886014__date__2016-07-18.txt.gz
30,GZIP_y2016_s1000/CIK__1025996__serial__865874__date__2016-05-19.txt.gz
31,GZIP_y2016_s1000/CIK__102729___serial__886053__date__2016-09-02.txt.gz
32,GZIP_y2016_s1000/CIK__1028153__serial__865904__date__2016-05-02.txt.gz
33,GZIP_y2016_s1000/CIK__1028734__serial__865914__date__2016-06-13.txt.gz
34,GZIP_y2016_s1000/CIK__1028918__serial__865921__date__2016-06-03.txt.gz
35,GZIP_y2016_s1000/CIK__1031927__serial__847583__date__2016-02-10.txt.gz
36,GZIP_y2016_s1000/CIK__1032220__serial__847594__date__2016-03-17.txt.gz
37,GZIP_y2016_s1000/CIK__10329_0__serial__886149__date__2016-09-29.txt.gz
38,GZIP_y2016_s1000/CIK__1033905__serial__886159__date__2016-09-09.txt.gz
39,GZIP_y2016_s1000/CIK__1036044__serial__903290__date__2016-11-09.txt.gz
40,GZIP_y2016_s1000/CIK__1038205__serial__866145__date__2016-04-12.txt.gz
41,GZIP_y2016_s1000/CIK__1038222__serial__866157__date__2016-06-21.txt.gz
42,GZIP_y2016_s1000/CIK__1040792__serial__903408__date__2016-12-08.txt.gz
43,GZIP_y2016_s1000/CIK__1041514__serial__903424__date__2016-10-06.txt.gz
44,GZIP_y2016_s1000/CIK__1042418__serial__866283__date__2016-05-03.txt.gz
45,GZIP_y2016_s1000/CIK__1042729__serial__866289__date__2016-04-19.txt.gz
46,GZIP_y2016_s1000/CIK__1043337__serial__866323__date__2016-06-14.txt.gz
47,GZIP_y2016_s1000/CIK__1043961__serial__886389__date__2016-07-06.txt.gz
48,GZIP_y2016_s1000/CIK__1045609__serial__866355__date__2016-04-19.txt.gz
49,GZIP_y2016_s1000/CIK__1046102__serial__903543__date__2016-12-07.txt.gz
50,GZIP_y2016_s1000/CIK__1046203__serial__847958__date__2016-03-30.txt.gz
51,GZIP_y2016_s1000/CIK__1047166__serial__903562__date__2016-10-19.txt.gz
52,GZIP_y2016_s1000/CIK__1047170__serial__903566__date__2016-11-21.txt.gz
53,GZIP_y2016_s1000/CIK__1047862__serial__886463__date__2016-08-05.txt.gz
54,GZIP_y2016_s1000/CIK__104819___serial__903582__date__2016-11-17.txt.gz
55,GZIP_y2016_s1000/CIK__1048911__serial__903597__date__2016-12-22.txt.gz
56,GZIP_y2016_s1000/CIK__1050441__serial__903628__date__2016-11-17.txt.gz
57,GZIP_y2016_s1000/CIK__1051343__serial__903647__date__2016-10-28.txt.gz
58,GZIP_y2016_s1000/CIK__1052595__serial__903665__date__2016-11-08.txt.gz
59,GZIP_y2016_s1000/CIK__1053059__serial__866564__date__2016-05-23.txt.gz
60,GZIP_y2016_s1000/CIK__1053369__serial__866577__date__2016-06-15.txt.gz
61,GZIP_y2016_s1000/CIK__1054102__serial__903701__date__2016-12-21.txt.gz
62,GZIP_y2016_s1000/CIK__105608___serial__903726__date__2016-12-02.txt.gz
63,GZIP_y2016_s1000/CIK__1056288__serial__886624__date__2016-09-09.txt.gz
64,GZIP_y2016_s1000/CIK__1057083__serial__886644__date__2016-07-26.txt.gz
65,GZIP_y2016_s1000/CIK__1059262__serial__866725__date__2016-04-20.txt.gz
66,GZIP_y2016_s1000/CIK__1060009__serial__866748__date__2016-06-24.txt.gz
67,GZIP_y2016_s1000/CIK__1060426__serial__866784__date__2016-06-23.txt.gz
68,GZIP_y2016_s1000/CIK__1061027__serial__903858__date__2016-11-03.txt.gz
69,GZIP_y2016_s1000/CIK__1062613__serial__848366__date__2016-03-02.txt.gz
70,GZIP_y2016_s1000/CIK__1065088__serial__848409__date__2016-02-29.txt.gz
71,GZIP_y2016_s1000/CIK__1065696__serial__903949__date__2016-10-27.txt.gz
72,GZIP_y2016_s1000/CIK__1066656__serial__866945__date__2016-05-17.txt.gz
73,GZIP_y2016_s1000/CIK__1067701__serial__886887__date__2016-07-20.txt.gz
74,GZIP_y2016_s1000/CIK__1068874__serial__904003__date__2016-10-14.txt.gz
75,GZIP_y2016_s1000/CIK__1068875__serial__866982__date__2016-05-26.txt.gz
76,GZIP_y2016_s1000/CIK__1069202__serial__904018__date__2016-10-26.txt.gz
77,GZIP_y2016_s1000/CIK__1072379__serial__867076__date__2016-06-30.txt.gz
78,GZIP_y2016_s1000/CIK__107263___serial__848593__date__2016-02-02.txt.gz
79,GZIP_y2016_s1000/CIK__1073429__serial__887000__date__2016-08-24.txt.gz
80,GZIP_y2016_s1000/CIK__1074828__serial__867102__date__2016-05-12.txt.gz
81,GZIP_y2016_s1000/CIK__1075415__serial__867109__date__2016-06-20.txt.gz
82,GZIP_y2016_s1000/CIK__1075531__serial__867113__date__2016-05-20.txt.gz
83,GZIP_y2016_s1000/CIK__1076784__serial__867131__date__2016-05-05.txt.gz
84,GZIP_y2016_s1000/CIK__107687___serial__848635__date__2016-03-24.txt.gz
85,GZIP_y2016_s1000/CIK__107687___serial__867136__date__2016-06-22.txt.gz
86,GZIP_y2016_s1000/CIK__1077428__serial__904180__date__2016-12-02.txt.gz
87,GZIP_y2016_s1000/CIK__1079577__serial__848669__date__2016-02-01.txt.gz
88,GZIP_y2016_s1000/CIK__10795_0__serial__904198__date__2016-12-01.txt.gz
89,GZIP_y2016_s1000/CIK__1080709__serial__904211__date__2016-11-07.txt.gz
90,GZIP_y2016_s1000/CIK__1082506__serial__867225__date__2016-05-03.txt.gz
91,GZIP_y2016_s1000/CIK__1083522__serial__904244__date__2016-11-03.txt.gz
92,GZIP_y2016_s1000/CIK__1083643__serial__904246__date__2016-11-18.txt.gz
93,GZIP_y2016_s1000/CIK__1084384__serial__887144__date__2016-08-29.txt.gz
94,GZIP_y2016_s1000/CIK__1084554__serial__867289__date__2016-06-29.txt.gz
95,GZIP_y2016_s1000/CIK__1084554__serial__887147__date__2016-07-05.txt.gz
96,GZIP_y2016_s1000/CIK__1090425__serial__904384__date__2016-11-03.txt.gz
97,GZIP_y2016_s1000/CIK__1091596__serial__848925__date__2016-03-11.txt.gz
98,GZIP_y2016_s1000/CIK__1091667__serial__904401__date__2016-11-03.txt.gz
99,GZIP_y2016_s1000/CIK__109177___serial__848934__date__2016-01-12.txt.gz
100,GZIP_y2016_s1000/CIK__1093082__serial__848963__date__2016-03-18.txt.gz
101,GZIP_y2016_s1000/CIK__1093207__serial__848965__date__2016-01-29.txt.gz
102,GZIP_y2016_s1000/CIK__1094285__serial__904471__date__2016-12-06.txt.gz
103,GZIP_y2016_s1000/CIK__1095007__serial__849015__date__2016-02-05.txt.gz
104,GZIP_y2016_s1000/CIK__1096752__serial__867629__date__2016-04-29.txt.gz
105,GZIP_y2016_s1000/CIK__1098972__serial__849100__date__2016-01-04.txt.gz
106,GZIP_y2016_s1000/CIK__1099234__serial__867667__date__2016-06-09.txt.gz
107,GZIP_y2016_s1000/CIK__1099590__serial__849115__date__2016-02-25.txt.gz
108,GZIP_y2016_s1000/CIK__1100270__serial__867679__date__2016-05-09.txt.gz
109,GZIP_y2016_s1000/CIK__1100682__serial__849139__date__2016-01-19.txt.gz
110,GZIP_y2016_s1000/CIK__1101239__serial__904626__date__2016-12-06.txt.gz
111,GZIP_y2016_s1000/CIK__1101680__serial__904636__date__2016-12-02.txt.gz
112,GZIP_y2016_s1000/CIK__1102112__serial__887539__date__2016-07-15.txt.gz
113,GZIP_y2016_s1000/CIK__1102266__serial__849187__date__2016-01-26.txt.gz
114,GZIP_y2016_s1000/CIK__1102432__serial__904656__date__2016-11-14.txt.gz
115,GZIP_y2016_s1000/CIK__1102541__serial__904658__date__2016-11-07.txt.gz
116,GZIP_y2016_s1000/CIK__1103601__serial__849212__date__2016-02-05.txt.gz
117,GZIP_y2016_s1000/CIK__1106838__serial__887612__date__2016-08-11.txt.gz
118,GZIP_y2016_s1000/CIK__1107796__serial__904729__date__2016-10-28.txt.gz
119,GZIP_y2016_s1000/CIK__1108046__serial__887627__date__2016-08-17.txt.gz
120,GZIP_y2016_s1000/CIK__1108524__serial__867847__date__2016-05-18.txt.gz
121,GZIP_y2016_s1000/CIK__1108827__serial__887659__date__2016-07-27.txt.gz
122,GZIP_y2016_s1000/CIK__1109189__serial__849316__date__2016-02-19.txt.gz
123,GZIP_y2016_s1000/CIK__1109189__serial__904782__date__2016-10-25.txt.gz
124,GZIP_y2016_s1000/CIK__1110805__serial__849361__date__2016-01-12.txt.gz
125,GZIP_y2016_s1000/CIK__1111335__serial__887713__date__2016-09-08.txt.gz
126,GZIP_y2016_s1000/CIK__1113809__serial__849407__date__2016-02-16.txt.gz
127,GZIP_y2016_s1000/CIK__1113809__serial__867962__date__2016-05-13.txt.gz
128,GZIP_y2016_s1000/CIK__1121702__serial__904927__date__2016-11-09.txt.gz
129,GZIP_y2016_s1000/CIK__1122304__serial__868073__date__2016-04-28.txt.gz
130,GZIP_y2016_s1000/CIK__1122304__serial__887837__date__2016-09-12.txt.gz
131,GZIP_y2016_s1000/CIK__1123852__serial__868106__date__2016-05-31.txt.gz
132,GZIP_y2016_s1000/CIK__1124140__serial__849551__date__2016-01-11.txt.gz
133,GZIP_y2016_s1000/CIK__1124140__serial__887865__date__2016-07-26.txt.gz
134,GZIP_y2016_s1000/CIK__1124610__serial__849569__date__2016-03-18.txt.gz
135,GZIP_y2016_s1000/CIK__1125920__serial__849592__date__2016-02-05.txt.gz
136,GZIP_y2016_s1000/CIK__1125920__serial__868147__date__2016-05-31.txt.gz
137,GZIP_y2016_s1000/CIK__1128928__serial__905030__date__2016-12-09.txt.gz
138,GZIP_y2016_s1000/CIK__1133869__serial__868317__date__2016-06-22.txt.gz
139,GZIP_y2016_s1000/CIK__1135152__serial__905122__date__2016-12-05.txt.gz
140,GZIP_y2016_s1000/CIK__1135202__serial__888013__date__2016-07-13.txt.gz
141,GZIP_y2016_s1000/CIK__1137547__serial__905165__date__2016-10-25.txt.gz
142,GZIP_y2016_s1000/CIK__1140102__serial__905199__date__2016-11-23.txt.gz
143,GZIP_y2016_s1000/CIK__1140536__serial__868421__date__2016-04-08.txt.gz
144,GZIP_y2016_s1000/CIK__1140859__serial__888103__date__2016-08-02.txt.gz
145,GZIP_y2016_s1000/CIK__1140859__serial__888106__date__2016-09-19.txt.gz
146,GZIP_y2016_s1000/CIK__1140859__serial__905216__date__2016-11-02.txt.gz
147,GZIP_y2016_s1000/CIK__1141688__serial__868446__date__2016-04-27.txt.gz
148,GZIP_y2016_s1000/CIK__1143513__serial__849902__date__2016-01-12.txt.gz
149,GZIP_y2016_s1000/CIK__1157762__serial__888201__date__2016-08-12.txt.gz
150,GZIP_y2016_s1000/CIK__1157817__serial__905308__date__2016-11-14.txt.gz
151,GZIP_y2016_s1000/CIK__1158324__serial__868572__date__2016-05-05.txt.gz
152,GZIP_y2016_s1000/CIK__1161976__serial__888283__date__2016-08-25.txt.gz
153,GZIP_y2016_s1000/CIK__1164255__serial__888326__date__2016-07-01.txt.gz
154,GZIP_y2016_s1000/CIK__1167419__serial__888367__date__2016-09-27.txt.gz
155,GZIP_y2016_s1000/CIK__1168213__serial__850149__date__2016-03-17.txt.gz
156,GZIP_y2016_s1000/CIK__1168220__serial__888378__date__2016-09-30.txt.gz
157,GZIP_y2016_s1000/CIK__1168455__serial__850163__date__2016-02-18.txt.gz
158,GZIP_y2016_s1000/CIK__1169445__serial__850172__date__2016-01-28.txt.gz
159,GZIP_y2016_s1000/CIK__1169770__serial__905513__date__2016-10-11.txt.gz
160,GZIP_y2016_s1000/CIK__1170991__serial__905532__date__2016-11-03.txt.gz
161,GZIP_y2016_s1000/CIK__1171759__serial__868844__date__2016-05-17.txt.gz
162,GZIP_y2016_s1000/CIK__1171759__serial__868845__date__2016-05-20.txt.gz
163,GZIP_y2016_s1000/CIK__1171825__serial__868851__date__2016-05-17.txt.gz
164,GZIP_y2016_s1000/CIK__1172298__serial__868871__date__2016-05-23.txt.gz
165,GZIP_y2016_s1000/CIK__1174922__serial__905614__date__2016-12-02.txt.gz
166,GZIP_y2016_s1000/CIK__1174940__serial__888499__date__2016-08-30.txt.gz
167,GZIP_y2016_s1000/CIK__1176948__serial__850346__date__2016-02-29.txt.gz
168,GZIP_y2016_s1000/CIK__1179484__serial__869018__date__2016-05-11.txt.gz
169,GZIP_y2016_s1000/CIK__1179755__serial__850406__date__2016-02-09.txt.gz
170,GZIP_y2016_s1000/CIK__1179755__serial__905688__date__2016-10-05.txt.gz
171,GZIP_y2016_s1000/CIK__1187953__serial__888605__date__2016-08-24.txt.gz
172,GZIP_y2016_s1000/CIK__1208208__serial__850483__date__2016-02-25.txt.gz
173,GZIP_y2016_s1000/CIK__1208208__serial__850484__date__2016-03-11.txt.gz
174,GZIP_y2016_s1000/CIK__1208208__serial__905744__date__2016-11-14.txt.gz
175,GZIP_y2016_s1000/CIK__1211805__serial__888669__date__2016-09-09.txt.gz
176,GZIP_y2016_s1000/CIK__1212545__serial__905784__date__2016-11-10.txt.gz
177,GZIP_y2016_s1000/CIK__1213037__serial__905786__date__2016-11-02.txt.gz
178,GZIP_y2016_s1000/CIK__1217234__serial__888696__date__2016-09-21.txt.gz
179,GZIP_y2016_s1000/CIK__1220754__serial__905804__date__2016-12-13.txt.gz
180,GZIP_y2016_s1000/CIK__1232582__serial__869276__date__2016-05-09.txt.gz
181,GZIP_y2016_s1000/CIK__1232582__serial__869279__date__2016-05-23.txt.gz
182,GZIP_y2016_s1000/CIK__1237746__serial__869306__date__2016-05-13.txt.gz
183,GZIP_y2016_s1000/CIK__1259429__serial__850706__date__2016-03-10.txt.gz
184,GZIP_y2016_s1000/CIK__1260221__serial__905946__date__2016-10-14.txt.gz
185,GZIP_y2016_s1000/CIK__1262959__serial__905985__date__2016-12-14.txt.gz
186,GZIP_y2016_s1000/CIK__1263762__serial__850755__date__2016-02-09.txt.gz
187,GZIP_y2016_s1000/CIK__1265572__serial__888950__date__2016-09-07.txt.gz
188,GZIP_y2016_s1000/CIK__1267130__serial__869466__date__2016-06-16.txt.gz
189,GZIP_y2016_s1000/CIK__1267130__serial__906025__date__2016-12-30.txt.gz
190,GZIP_y2016_s1000/CIK__1267395__serial__850797__date__2016-02-04.txt.gz
191,GZIP_y2016_s1000/CIK__1267602__serial__850801__date__2016-02-05.txt.gz
192,GZIP_y2016_s1000/CIK__1269127__serial__850820__date__2016-01-26.txt.gz
193,GZIP_y2016_s1000/CIK__1269980__serial__888995__date__2016-09-07.txt.gz
194,GZIP_y2016_s1000/CIK__1270200__serial__889002__date__2016-07-19.txt.gz
195,GZIP_y2016_s1000/CIK__1272550__serial__850849__date__2016-02-11.txt.gz
196,GZIP_y2016_s1000/CIK__1272597__serial__869535__date__2016-06-22.txt.gz
197,GZIP_y2016_s1000/CIK__1273385__serial__869545__date__2016-04-05.txt.gz
198,GZIP_y2016_s1000/CIK__1273988__serial__850877__date__2016-01-12.txt.gz
199,GZIP_y2016_s1000/CIK__1276520__serial__850921__date__2016-02-04.txt.gz
200,GZIP_y2016_s1000/CIK__1277856__serial__869635__date__2016-04-28.txt.gz
201,GZIP_y2016_s1000/CIK__1279363__serial__906169__date__2016-11-01.txt.gz
202,GZIP_y2016_s1000/CIK__1279363__serial__906172__date__2016-11-21.txt.gz
203,GZIP_y2016_s1000/CIK__1279704__serial__906182__date__2016-10-24.txt.gz
204,GZIP_y2016_s1000/CIK__1280776__serial__889131__date__2016-08-29.txt.gz
205,GZIP_y2016_s1000/CIK__1281774__serial__869707__date__2016-05-26.txt.gz
206,GZIP_y2016_s1000/CIK__1281922__serial__850994__date__2016-03-24.txt.gz
207,GZIP_y2016_s1000/CIK__1281922__serial__869711__date__2016-05-04.txt.gz
208,GZIP_y2016_s1000/CIK__1282637__serial__906234__date__2016-10-27.txt.gz
209,GZIP_y2016_s1000/CIK__1283630__serial__889218__date__2016-09-20.txt.gz
210,GZIP_y2016_s1000/CIK__1283843__serial__851045__date__2016-03-23.txt.gz
211,GZIP_y2016_s1000/CIK__1285550__serial__889238__date__2016-07-01.txt.gz
212,GZIP_y2016_s1000/CIK__1286131__serial__869802__date__2016-04-20.txt.gz
213,GZIP_y2016_s1000/CIK__1286225__serial__869809__date__2016-06-06.txt.gz
214,GZIP_y2016_s1000/CIK__1286345__serial__889267__date__2016-09-23.txt.gz
215,GZIP_y2016_s1000/CIK__1288195__serial__889303__date__2016-09-30.txt.gz
216,GZIP_y2016_s1000/CIK__1289505__serial__851159__date__2016-01-08.txt.gz
217,GZIP_y2016_s1000/CIK__1290098__serial__889353__date__2016-08-16.txt.gz
218,GZIP_y2016_s1000/CIK__1290506__serial__906371__date__2016-12-23.txt.gz
219,GZIP_y2016_s1000/CIK__1290900__serial__869912__date__2016-05-17.txt.gz
220,GZIP_y2016_s1000/CIK__1293234__serial__869926__date__2016-05-04.txt.gz
221,GZIP_y2016_s1000/CIK__1293282__serial__889383__date__2016-08-09.txt.gz
222,GZIP_y2016_s1000/CIK__1293971__serial__906408__date__2016-11-02.txt.gz
223,GZIP_y2016_s1000/CIK__1296205__serial__906445__date__2016-11-01.txt.gz
224,GZIP_y2016_s1000/CIK__1297996__serial__870026__date__2016-05-20.txt.gz
225,GZIP_y2016_s1000/CIK__1298675__serial__870027__date__2016-04-29.txt.gz
226,GZIP_y2016_s1000/CIK__1300938__serial__906503__date__2016-10-24.txt.gz
227,GZIP_y2016_s1000/CIK__1301106__serial__906507__date__2016-11-10.txt.gz
228,GZIP_y2016_s1000/CIK__1301838__serial__851344__date__2016-01-14.txt.gz
229,GZIP_y2016_s1000/CIK__1302573__serial__889539__date__2016-08-23.txt.gz
230,GZIP_y2016_s1000/CIK__1302946__serial__889542__date__2016-07-18.txt.gz
231,GZIP_y2016_s1000/CIK__1307748__serial__870196__date__2016-06-06.txt.gz
232,GZIP_y2016_s1000/CIK__1310067__serial__851461__date__2016-02-25.txt.gz
233,GZIP_y2016_s1000/CIK__1310114__serial__851463__date__2016-02-22.txt.gz
234,GZIP_y2016_s1000/CIK__1311538__serial__906647__date__2016-12-07.txt.gz
235,GZIP_y2016_s1000/CIK__1314102__serial__906666__date__2016-12-16.txt.gz
236,GZIP_y2016_s1000/CIK__1314475__serial__889708__date__2016-08-10.txt.gz
237,GZIP_y2016_s1000/CIK__1316360__serial__870317__date__2016-04-11.txt.gz
238,GZIP_y2016_s1000/CIK__1316360__serial__889731__date__2016-07-13.txt.gz
239,GZIP_y2016_s1000/CIK__1316645__serial__851558__date__2016-03-28.txt.gz
240,GZIP_y2016_s1000/CIK__1316944__serial__870350__date__2016-04-29.txt.gz
241,GZIP_y2016_s1000/CIK__1316944__serial__870366__date__2016-06-30.txt.gz
242,GZIP_y2016_s1000/CIK__1316944__serial__889763__date__2016-09-20.txt.gz
243,GZIP_y2016_s1000/CIK__1317839__serial__851593__date__2016-01-06.txt.gz
244,GZIP_y2016_s1000/CIK__1317945__serial__889774__date__2016-07-20.txt.gz
245,GZIP_y2016_s1000/CIK__1317945__serial__906746__date__2016-10-19.txt.gz
246,GZIP_y2016_s1000/CIK__1318008__serial__889775__date__2016-07-06.txt.gz
247,GZIP_y2016_s1000/CIK__1319161__serial__889804__date__2016-07-21.txt.gz
248,GZIP_y2016_s1000/CIK__1319161__serial__906783__date__2016-10-18.txt.gz
249,GZIP_y2016_s1000/CIK__1322439__serial__870466__date__2016-04-04.txt.gz
250,GZIP_y2016_s1000/CIK__1323885__serial__906842__date__2016-10-27.txt.gz
251,GZIP_y2016_s1000/CIK__1324410__serial__906861__date__2016-12-02.txt.gz
252,GZIP_y2016_s1000/CIK__1325878__serial__870565__date__2016-04-19.txt.gz
253,GZIP_y2016_s1000/CIK__1325879__serial__870589__date__2016-04-04.txt.gz
254,GZIP_y2016_s1000/CIK__1325964__serial__851801__date__2016-02-01.txt.gz
255,GZIP_y2016_s1000/CIK__1326200__serial__851817__date__2016-02-26.txt.gz
256,GZIP_y2016_s1000/CIK__1326771__serial__851856__date__2016-02-17.txt.gz
257,GZIP_y2016_s1000/CIK__1328143__serial__851906__date__2016-01-06.txt.gz
258,GZIP_y2016_s1000/CIK__1329842__serial__851940__date__2016-02-04.txt.gz
259,GZIP_y2016_s1000/CIK__1329842__serial__851949__date__2016-02-18.txt.gz
260,GZIP_y2016_s1000/CIK__1329842__serial__851955__date__2016-03-08.txt.gz
261,GZIP_y2016_s1000/CIK__1329842__serial__870724__date__2016-04-21.txt.gz
262,GZIP_y2016_s1000/CIK__1329842__serial__907037__date__2016-10-04.txt.gz
263,GZIP_y2016_s1000/CIK__1330399__serial__907070__date__2016-10-11.txt.gz
264,GZIP_y2016_s1000/CIK__1331451__serial__870794__date__2016-04-07.txt.gz
265,GZIP_y2016_s1000/CIK__1331451__serial__870811__date__2016-06-02.txt.gz
266,GZIP_y2016_s1000/CIK__1331463__serial__890195__date__2016-09-20.txt.gz
267,GZIP_y2016_s1000/CIK__1331520__serial__852073__date__2016-02-19.txt.gz
268,GZIP_y2016_s1000/CIK__1331754__serial__870893__date__2016-05-31.txt.gz
269,GZIP_y2016_s1000/CIK__1331757__serial__890267__date__2016-08-04.txt.gz
270,GZIP_y2016_s1000/CIK__1334036__serial__870947__date__2016-05-10.txt.gz
271,GZIP_y2016_s1000/CIK__1334478__serial__870950__date__2016-06-07.txt.gz
272,GZIP_y2016_s1000/CIK__1334933__serial__852157__date__2016-03-10.txt.gz
273,GZIP_y2016_s1000/CIK__1337553__serial__890351__date__2016-09-16.txt.gz
274,GZIP_y2016_s1000/CIK__1339605__serial__890388__date__2016-08-10.txt.gz
275,GZIP_y2016_s1000/CIK__1340786__serial__871082__date__2016-05-02.txt.gz
276,GZIP_y2016_s1000/CIK__1340786__serial__871088__date__2016-06-03.txt.gz
277,GZIP_y2016_s1000/CIK__1342126__serial__890417__date__2016-08-08.txt.gz
278,GZIP_y2016_s1000/CIK__1343465__serial__852330__date__2016-03-03.txt.gz
279,GZIP_y2016_s1000/CIK__1345122__serial__852355__date__2016-01-07.txt.gz
280,GZIP_y2016_s1000/CIK__1347613__serial__871203__date__2016-05-16.txt.gz
281,GZIP_y2016_s1000/CIK__1348334__serial__890511__date__2016-08-12.txt.gz
282,GZIP_y2016_s1000/CIK__1348362__serial__852432__date__2016-03-08.txt.gz
283,GZIP_y2016_s1000/CIK__1349437__serial__852453__date__2016-03-15.txt.gz
284,GZIP_y2016_s1000/CIK__1349437__serial__907515__date__2016-10-25.txt.gz
285,GZIP_y2016_s1000/CIK__1350653__serial__852469__date__2016-03-21.txt.gz
286,GZIP_y2016_s1000/CIK__1351051__serial__907540__date__2016-11-22.txt.gz
287,GZIP_y2016_s1000/CIK__1352081__serial__852489__date__2016-02-11.txt.gz
288,GZIP_y2016_s1000/CIK__1355096__serial__871344__date__2016-05-27.txt.gz
289,GZIP_y2016_s1000/CIK__1357459__serial__871421__date__2016-06-21.txt.gz
290,GZIP_y2016_s1000/CIK__1358071__serial__852583__date__2016-02-24.txt.gz
291,GZIP_y2016_s1000/CIK__1358651__serial__907661__date__2016-11-14.txt.gz
292,GZIP_y2016_s1000/CIK__1358762__serial__907666__date__2016-11-14.txt.gz
293,GZIP_y2016_s1000/CIK__1358831__serial__871459__date__2016-05-26.txt.gz
294,GZIP_y2016_s1000/CIK__1359931__serial__907675__date__2016-11-07.txt.gz
295,GZIP_y2016_s1000/CIK__1360214__serial__890707__date__2016-08-11.txt.gz
296,GZIP_y2016_s1000/CIK__1362468__serial__907721__date__2016-11-28.txt.gz
297,GZIP_y2016_s1000/CIK__1364099__serial__890784__date__2016-08-01.txt.gz
298,GZIP_y2016_s1000/CIK__1364954__serial__907760__date__2016-11-07.txt.gz
299,GZIP_y2016_s1000/CIK__1365555__serial__907778__date__2016-12-22.txt.gz
300,GZIP_y2016_s1000/CIK__1366340__serial__907805__date__2016-11-22.txt.gz
301,GZIP_y2016_s1000/CIK__1366340__serial__907808__date__2016-12-22.txt.gz
302,GZIP_y2016_s1000/CIK__1366367__serial__852744__date__2016-03-01.txt.gz
303,GZIP_y2016_s1000/CIK__1367064__serial__852752__date__2016-02-25.txt.gz
304,GZIP_y2016_s1000/CIK__1367859__serial__890855__date__2016-08-17.txt.gz
305,GZIP_y2016_s1000/CIK__1367920__serial__871675__date__2016-05-05.txt.gz
306,GZIP_y2016_s1000/CIK__1367920__serial__890858__date__2016-08-09.txt.gz
307,GZIP_y2016_s1000/CIK__1368514__serial__907850__date__2016-10-07.txt.gz
308,GZIP_y2016_s1000/CIK__1368637__serial__852789__date__2016-03-29.txt.gz
309,GZIP_y2016_s1000/CIK__1370946__serial__890911__date__2016-09-23.txt.gz
310,GZIP_y2016_s1000/CIK__1371446__serial__852843__date__2016-02-11.txt.gz
311,GZIP_y2016_s1000/CIK__1372514__serial__907933__date__2016-12-22.txt.gz
312,GZIP_y2016_s1000/CIK__1373444__serial__890937__date__2016-07-11.txt.gz
313,GZIP_y2016_s1000/CIK__1375151__serial__871834__date__2016-06-21.txt.gz
314,GZIP_y2016_s1000/CIK__1375557__serial__871843__date__2016-04-13.txt.gz
315,GZIP_y2016_s1000/CIK__1375557__serial__890973__date__2016-08-02.txt.gz
316,GZIP_y2016_s1000/CIK__1379041__serial__871931__date__2016-05-26.txt.gz
317,GZIP_y2016_s1000/CIK__1379785__serial__853007__date__2016-02-24.txt.gz
318,GZIP_y2016_s1000/CIK__1380393__serial__853013__date__2016-01-19.txt.gz
319,GZIP_y2016_s1000/CIK__1381871__serial__853033__date__2016-02-23.txt.gz
320,GZIP_y2016_s1000/CIK__1383094__serial__891095__date__2016-07-20.txt.gz
321,GZIP_y2016_s1000/CIK__1383154__serial__853071__date__2016-03-31.txt.gz
322,GZIP_y2016_s1000/CIK__1383312__serial__908148__date__2016-11-17.txt.gz
323,GZIP_y2016_s1000/CIK__1383871__serial__872036__date__2016-05-11.txt.gz
324,GZIP_y2016_s1000/CIK__1384072__serial__908168__date__2016-11-14.txt.gz
325,GZIP_y2016_s1000/CIK__1385228__serial__891155__date__2016-07-28.txt.gz
326,GZIP_y2016_s1000/CIK__1386278__serial__872118__date__2016-05-26.txt.gz
327,GZIP_y2016_s1000/CIK__1386301__serial__872121__date__2016-06-28.txt.gz
328,GZIP_y2016_s1000/CIK__1386570__serial__872130__date__2016-06-24.txt.gz
329,GZIP_y2016_s1000/CIK__1386936__serial__891210__date__2016-08-10.txt.gz
330,GZIP_y2016_s1000/CIK__1388486__serial__908252__date__2016-12-07.txt.gz
331,GZIP_y2016_s1000/CIK__1389170__serial__853251__date__2016-02-19.txt.gz
332,GZIP_y2016_s1000/CIK__1390213__serial__908299__date__2016-10-11.txt.gz
333,GZIP_y2016_s1000/CIK__1390312__serial__853274__date__2016-03-04.txt.gz
334,GZIP_y2016_s1000/CIK__1390478__serial__872208__date__2016-06-28.txt.gz
335,GZIP_y2016_s1000/CIK__1390478__serial__891275__date__2016-07-12.txt.gz
336,GZIP_y2016_s1000/CIK__1391407__serial__872223__date__2016-05-12.txt.gz
337,GZIP_y2016_s1000/CIK__1391933__serial__908325__date__2016-10-26.txt.gz
338,GZIP_y2016_s1000/CIK__1392091__serial__908326__date__2016-10-05.txt.gz
339,GZIP_y2016_s1000/CIK__1392380__serial__853307__date__2016-03-29.txt.gz
340,GZIP_y2016_s1000/CIK__1392972__serial__872237__date__2016-05-03.txt.gz
341,GZIP_y2016_s1000/CIK__1393020__serial__872242__date__2016-05-24.txt.gz
342,GZIP_y2016_s1000/CIK__1396878__serial__908413__date__2016-10-28.txt.gz
343,GZIP_y2016_s1000/CIK__1399306__serial__891445__date__2016-08-29.txt.gz
344,GZIP_y2016_s1000/CIK__1399352__serial__891449__date__2016-08-31.txt.gz
345,GZIP_y2016_s1000/CIK__1399520__serial__872399__date__2016-06-02.txt.gz
346,GZIP_y2016_s1000/CIK__1401708__serial__853504__date__2016-02-08.txt.gz
347,GZIP_y2016_s1000/CIK__1403085__serial__891527__date__2016-09-19.txt.gz
348,GZIP_y2016_s1000/CIK__1403528__serial__872502__date__2016-04-06.txt.gz
349,GZIP_y2016_s1000/CIK__1403853__serial__872537__date__2016-04-21.txt.gz
350,GZIP_y2016_s1000/CIK__1404079__serial__908570__date__2016-11-21.txt.gz
351,GZIP_y2016_s1000/CIK__1405073__serial__908591__date__2016-12-22.txt.gz
352,GZIP_y2016_s1000/CIK__1405495__serial__872578__date__2016-04-26.txt.gz
353,GZIP_y2016_s1000/CIK__1405528__serial__891603__date__2016-09-27.txt.gz
354,GZIP_y2016_s1000/CIK__1407067__serial__853632__date__2016-03-30.txt.gz
355,GZIP_y2016_s1000/CIK__1407623__serial__872619__date__2016-05-23.txt.gz
356,GZIP_y2016_s1000/CIK__1407739__serial__872632__date__2016-06-07.txt.gz
357,GZIP_y2016_s1000/CIK__1408534__serial__891663__date__2016-08-08.txt.gz
358,GZIP_y2016_s1000/CIK__1409493__serial__908671__date__2016-10-12.txt.gz
359,GZIP_y2016_s1000/CIK__1409775__serial__891682__date__2016-07-29.txt.gz
360,GZIP_y2016_s1000/CIK__1410636__serial__872743__date__2016-05-13.txt.gz
361,GZIP_y2016_s1000/CIK__1411059__serial__853772__date__2016-03-16.txt.gz
362,GZIP_y2016_s1000/CIK__1411207__serial__891722__date__2016-09-16.txt.gz
363,GZIP_y2016_s1000/CIK__1411303__serial__872767__date__2016-05-02.txt.gz
364,GZIP_y2016_s1000/CIK__1411688__serial__853820__date__2016-03-31.txt.gz
365,GZIP_y2016_s1000/CIK__1411879__serial__891755__date__2016-07-29.txt.gz
366,GZIP_y2016_s1000/CIK__1413263__serial__908786__date__2016-11-14.txt.gz
367,GZIP_y2016_s1000/CIK__1415336__serial__891809__date__2016-08-08.txt.gz
368,GZIP_y2016_s1000/CIK__1417398__serial__872920__date__2016-06-01.txt.gz
369,GZIP_y2016_s1000/CIK__1417398__serial__891835__date__2016-09-13.txt.gz
370,GZIP_y2016_s1000/CIK__1419554__serial__853962__date__2016-02-26.txt.gz
371,GZIP_y2016_s1000/CIK__1420811__serial__873005__date__2016-05-02.txt.gz
372,GZIP_y2016_s1000/CIK__1421182__serial__873012__date__2016-06-06.txt.gz
373,GZIP_y2016_s1000/CIK__1421865__serial__873028__date__2016-06-01.txt.gz
374,GZIP_y2016_s1000/CIK__1422109__serial__891925__date__2016-07-14.txt.gz
375,GZIP_y2016_s1000/CIK__1422183__serial__891932__date__2016-08-26.txt.gz
376,GZIP_y2016_s1000/CIK__1422768__serial__854072__date__2016-03-09.txt.gz
377,GZIP_y2016_s1000/CIK__1424755__serial__891969__date__2016-09-12.txt.gz
378,GZIP_y2016_s1000/CIK__1425565__serial__892004__date__2016-07-21.txt.gz
379,GZIP_y2016_s1000/CIK__1426945__serial__873133__date__2016-06-21.txt.gz
380,GZIP_y2016_s1000/CIK__1428040__serial__909028__date__2016-11-18.txt.gz
381,GZIP_y2016_s1000/CIK__1428205__serial__873149__date__2016-04-20.txt.gz
382,GZIP_y2016_s1000/CIK__1428205__serial__892038__date__2016-08-02.txt.gz
383,GZIP_y2016_s1000/CIK__1428522__serial__892046__date__2016-07-19.txt.gz
384,GZIP_y2016_s1000/CIK__1428522__serial__909045__date__2016-11-03.txt.gz
385,GZIP_y2016_s1000/CIK__1429560__serial__873180__date__2016-05-05.txt.gz
386,GZIP_y2016_s1000/CIK__1430602__serial__854232__date__2016-03-01.txt.gz
387,GZIP_y2016_s1000/CIK__1430723__serial__854235__date__2016-03-22.txt.gz
388,GZIP_y2016_s1000/CIK__1432196__serial__892098__date__2016-09-21.txt.gz
389,GZIP_y2016_s1000/CIK__1436229__serial__892171__date__2016-07-13.txt.gz
390,GZIP_y2016_s1000/CIK__1436229__serial__909211__date__2016-12-09.txt.gz
391,GZIP_y2016_s1000/CIK__1437107__serial__892182__date__2016-08-02.txt.gz
392,GZIP_y2016_s1000/CIK__1437107__serial__909226__date__2016-10-21.txt.gz
393,GZIP_y2016_s1000/CIK__1438133__serial__873390__date__2016-05-03.txt.gz
394,GZIP_y2016_s1000/CIK__1439288__serial__873417__date__2016-05-19.txt.gz
395,GZIP_y2016_s1000/CIK__1441849__serial__873446__date__2016-04-28.txt.gz
396,GZIP_y2016_s1000/CIK__1444380__serial__873507__date__2016-05-23.txt.gz
397,GZIP_y2016_s1000/CIK__1444397__serial__909348__date__2016-12-01.txt.gz
398,GZIP_y2016_s1000/CIK__1445049__serial__892335__date__2016-09-20.txt.gz
399,GZIP_y2016_s1000/CIK__1446159__serial__892355__date__2016-08-15.txt.gz
400,GZIP_y2016_s1000/CIK__1446371__serial__854536__date__2016-01-13.txt.gz
401,GZIP_y2016_s1000/CIK__1450720__serial__873619__date__2016-04-29.txt.gz
402,GZIP_y2016_s1000/CIK__1451512__serial__909450__date__2016-10-11.txt.gz
403,GZIP_y2016_s1000/CIK__1452164__serial__873646__date__2016-05-02.txt.gz
404,GZIP_y2016_s1000/CIK__1452751__serial__892448__date__2016-07-27.txt.gz
405,GZIP_y2016_s1000/CIK__1455819__serial__854655__date__2016-03-15.txt.gz
406,GZIP_y2016_s1000/CIK__1457612__serial__854668__date__2016-03-31.txt.gz
407,GZIP_y2016_s1000/CIK__1461993__serial__854708__date__2016-02-24.txt.gz
408,GZIP_y2016_s1000/CIK__1463101__serial__892545__date__2016-08-10.txt.gz
409,GZIP_y2016_s1000/CIK__1463258__serial__873805__date__2016-06-02.txt.gz
410,GZIP_y2016_s1000/CIK__1463959__serial__892555__date__2016-08-24.txt.gz
411,GZIP_y2016_s1000/CIK__1465128__serial__892572__date__2016-08-04.txt.gz
412,GZIP_y2016_s1000/CIK__1465872__serial__854756__date__2016-03-25.txt.gz
413,GZIP_y2016_s1000/CIK__1466026__serial__892588__date__2016-07-28.txt.gz
414,GZIP_y2016_s1000/CIK__1466538__serial__873863__date__2016-04-28.txt.gz
415,GZIP_y2016_s1000/CIK__1467373__serial__892614__date__2016-07-06.txt.gz
416,GZIP_y2016_s1000/CIK__1468328__serial__873896__date__2016-05-02.txt.gz
417,GZIP_y2016_s1000/CIK__1468328__serial__892636__date__2016-08-16.txt.gz
418,GZIP_y2016_s1000/CIK__1472343__serial__909743__date__2016-11-01.txt.gz
419,GZIP_y2016_s1000/CIK__1472494__serial__909750__date__2016-12-23.txt.gz
420,GZIP_y2016_s1000/CIK__1474432__serial__874007__date__2016-06-10.txt.gz
421,GZIP_y2016_s1000/CIK__1474439__serial__909785__date__2016-11-18.txt.gz
422,GZIP_y2016_s1000/CIK__1474464__serial__874014__date__2016-05-27.txt.gz
423,GZIP_y2016_s1000/CIK__1474735__serial__874018__date__2016-05-04.txt.gz
424,GZIP_y2016_s1000/CIK__1474735__serial__874019__date__2016-06-21.txt.gz
425,GZIP_y2016_s1000/CIK__1475273__serial__909810__date__2016-11-08.txt.gz
426,GZIP_y2016_s1000/CIK__1475274__serial__874032__date__2016-04-28.txt.gz
427,GZIP_y2016_s1000/CIK__1476170__serial__892772__date__2016-09-01.txt.gz
428,GZIP_y2016_s1000/CIK__1476264__serial__892781__date__2016-08-16.txt.gz
429,GZIP_y2016_s1000/CIK__1477200__serial__874086__date__2016-06-22.txt.gz
430,GZIP_y2016_s1000/CIK__1477294__serial__874089__date__2016-04-26.txt.gz
431,GZIP_y2016_s1000/CIK__1478069__serial__874097__date__2016-04-12.txt.gz
432,GZIP_y2016_s1000/CIK__1478069__serial__874099__date__2016-05-10.txt.gz
433,GZIP_y2016_s1000/CIK__1479094__serial__892834__date__2016-09-29.txt.gz
434,GZIP_y2016_s1000/CIK__1481832__serial__909901__date__2016-12-16.txt.gz
435,GZIP_y2016_s1000/CIK__1482541__serial__855055__date__2016-01-19.txt.gz
436,GZIP_y2016_s1000/CIK__1484504__serial__855069__date__2016-01-28.txt.gz
437,GZIP_y2016_s1000/CIK__14846_0__serial__855077__date__2016-02-09.txt.gz
438,GZIP_y2016_s1000/CIK__1484769__serial__892890__date__2016-07-06.txt.gz
439,GZIP_y2016_s1000/CIK__1485003__serial__855089__date__2016-01-15.txt.gz
440,GZIP_y2016_s1000/CIK__1487198__serial__909956__date__2016-11-18.txt.gz
441,GZIP_y2016_s1000/CIK__1487782__serial__855141__date__2016-02-02.txt.gz
442,GZIP_y2016_s1000/CIK__1487798__serial__909974__date__2016-11-03.txt.gz
443,GZIP_y2016_s1000/CIK__1487843__serial__855149__date__2016-03-04.txt.gz
444,GZIP_y2016_s1000/CIK__1488419__serial__855178__date__2016-03-07.txt.gz
445,GZIP_y2016_s1000/CIK__1488813__serial__874280__date__2016-05-25.txt.gz
446,GZIP_y2016_s1000/CIK__1488813__serial__892989__date__2016-07-20.txt.gz
447,GZIP_y2016_s1000/CIK__1489137__serial__893003__date__2016-07-05.txt.gz
448,GZIP_y2016_s1000/CIK__1490660__serial__855227__date__2016-02-23.txt.gz
449,GZIP_y2016_s1000/CIK__1490892__serial__874348__date__2016-04-28.txt.gz
450,GZIP_y2016_s1000/CIK__1490906__serial__893046__date__2016-07-28.txt.gz
451,GZIP_y2016_s1000/CIK__1491487__serial__893059__date__2016-08-02.txt.gz
452,GZIP_y2016_s1000/CIK__1491675__serial__874383__date__2016-04-05.txt.gz
453,GZIP_y2016_s1000/CIK__1492426__serial__855278__date__2016-03-03.txt.gz
454,GZIP_y2016_s1000/CIK__1494319__serial__855324__date__2016-03-28.txt.gz
455,GZIP_y2016_s1000/CIK__1494582__serial__893124__date__2016-08-19.txt.gz
456,GZIP_y2016_s1000/CIK__1495231__serial__893134__date__2016-08-02.txt.gz
457,GZIP_y2016_s1000/CIK__1495320__serial__910137__date__2016-10-12.txt.gz
458,GZIP_y2016_s1000/CIK__1495584__serial__874498__date__2016-05-02.txt.gz
459,GZIP_y2016_s1000/CIK__1497275__serial__874533__date__2016-04-28.txt.gz
460,GZIP_y2016_s1000/CIK__1499717__serial__893232__date__2016-09-21.txt.gz
461,GZIP_y2016_s1000/CIK__1500217__serial__893260__date__2016-07-26.txt.gz
462,GZIP_y2016_s1000/CIK__1500435__serial__855481__date__2016-03-29.txt.gz
463,GZIP_y2016_s1000/CIK__1500435__serial__874627__date__2016-05-05.txt.gz
464,GZIP_y2016_s1000/CIK__1502756__serial__893320__date__2016-08-05.txt.gz
465,GZIP_y2016_s1000/CIK__1503802__serial__874712__date__2016-06-17.txt.gz
466,GZIP_y2016_s1000/CIK__1504167__serial__874719__date__2016-06-14.txt.gz
467,GZIP_y2016_s1000/CIK__1504389__serial__855563__date__2016-01-04.txt.gz
468,GZIP_y2016_s1000/CIK__1506307__serial__874769__date__2016-05-13.txt.gz
469,GZIP_y2016_s1000/CIK__1506928__serial__893412__date__2016-08-01.txt.gz
470,GZIP_y2016_s1000/CIK__1507277__serial__893419__date__2016-08-30.txt.gz
471,GZIP_y2016_s1000/CIK__1510963__serial__910491__date__2016-12-29.txt.gz
472,GZIP_y2016_s1000/CIK__1511198__serial__874901__date__2016-04-05.txt.gz
473,GZIP_y2016_s1000/CIK__1512138__serial__855751__date__2016-02-08.txt.gz
474,GZIP_y2016_s1000/CIK__1512673__serial__910548__date__2016-11-01.txt.gz
475,GZIP_y2016_s1000/CIK__1512762__serial__910553__date__2016-11-09.txt.gz
476,GZIP_y2016_s1000/CIK__1512931__serial__874958__date__2016-06-01.txt.gz
477,GZIP_y2016_s1000/CIK__1513965__serial__893594__date__2016-09-09.txt.gz
478,GZIP_y2016_s1000/CIK__1514128__serial__874978__date__2016-04-19.txt.gz
479,GZIP_y2016_s1000/CIK__1514226__serial__874986__date__2016-05-09.txt.gz
480,GZIP_y2016_s1000/CIK__1515156__serial__855839__date__2016-02-10.txt.gz
481,GZIP_y2016_s1000/CIK__1515156__serial__910641__date__2016-11-08.txt.gz
482,GZIP_y2016_s1000/CIK__1515718__serial__855849__date__2016-02-25.txt.gz
483,GZIP_y2016_s1000/CIK__1515980__serial__855863__date__2016-02-26.txt.gz
484,GZIP_y2016_s1000/CIK__1516805__serial__910659__date__2016-11-15.txt.gz
485,GZIP_y2016_s1000/CIK__1517681__serial__910691__date__2016-12-07.txt.gz
486,GZIP_y2016_s1000/CIK__1518621__serial__910718__date__2016-11-09.txt.gz
487,GZIP_y2016_s1000/CIK__1520006__serial__910738__date__2016-12-05.txt.gz
488,GZIP_y2016_s1000/CIK__1520697__serial__855975__date__2016-02-02.txt.gz
489,GZIP_y2016_s1000/CIK__1521036__serial__893789__date__2016-09-02.txt.gz
490,GZIP_y2016_s1000/CIK__1522616__serial__893821__date__2016-08-23.txt.gz
491,GZIP_y2016_s1000/CIK__1522690__serial__856023__date__2016-02-26.txt.gz
492,GZIP_y2016_s1000/CIK__1523526__serial__893838__date__2016-09-01.txt.gz
493,GZIP_y2016_s1000/CIK__1524358__serial__910828__date__2016-12-09.txt.gz
494,GZIP_y2016_s1000/CIK__1526113__serial__893881__date__2016-07-01.txt.gz
495,GZIP_y2016_s1000/CIK__1527705__serial__875318__date__2016-04-26.txt.gz
496,GZIP_y2016_s1000/CIK__1527705__serial__875319__date__2016-04-28.txt.gz
497,GZIP_y2016_s1000/CIK__1527722__serial__893959__date__2016-07-20.txt.gz
498,GZIP_y2016_s1000/CIK__1527722__serial__893960__date__2016-08-10.txt.gz
499,GZIP_y2016_s1000/CIK__1528558__serial__875358__date__2016-05-02.txt.gz
500,GZIP_y2016_s1000/CIK__1529864__serial__856198__date__2016-01-05.txt.gz
501,GZIP_y2016_s1000/CIK__1533615__serial__894089__date__2016-07-07.txt.gz
502,GZIP_y2016_s1000/CIK__1536256__serial__911118__date__2016-12-23.txt.gz
503,GZIP_y2016_s1000/CIK__1540159__serial__875662__date__2016-05-10.txt.gz
504,GZIP_y2016_s1000/CIK__1540729__serial__856426__date__2016-02-29.txt.gz
505,GZIP_y2016_s1000/CIK__1540729__serial__856431__date__2016-03-23.txt.gz
506,GZIP_y2016_s1000/CIK__1540947__serial__856433__date__2016-01-14.txt.gz
507,GZIP_y2016_s1000/CIK__1544238__serial__894312__date__2016-08-01.txt.gz
508,GZIP_y2016_s1000/CIK__1547530__serial__875785__date__2016-04-26.txt.gz
509,GZIP_y2016_s1000/CIK__1551739__serial__911332__date__2016-11-04.txt.gz
510,GZIP_y2016_s1000/CIK__1552358__serial__911357__date__2016-12-12.txt.gz
511,GZIP_y2016_s1000/CIK__1553588__serial__856653__date__2016-02-11.txt.gz
512,GZIP_y2016_s1000/CIK__1554970__serial__856668__date__2016-02-24.txt.gz
513,GZIP_y2016_s1000/CIK__1555177__serial__894484__date__2016-08-08.txt.gz
514,GZIP_y2016_s1000/CIK__1558009__serial__856749__date__2016-02-02.txt.gz
515,GZIP_y2016_s1000/CIK__1559865__serial__856788__date__2016-02-17.txt.gz
516,GZIP_y2016_s1000/CIK__1559998__serial__894591__date__2016-08-08.txt.gz
517,GZIP_y2016_s1000/CIK__1561743__serial__876111__date__2016-05-05.txt.gz
518,GZIP_y2016_s1000/CIK__1563855__serial__894690__date__2016-08-23.txt.gz
519,GZIP_y2016_s1000/CIK__1566826__serial__894736__date__2016-07-27.txt.gz
520,GZIP_y2016_s1000/CIK__1567569__serial__856977__date__2016-02-04.txt.gz
521,GZIP_y2016_s1000/CIK__1567925__serial__894775__date__2016-09-28.txt.gz
522,GZIP_y2016_s1000/CIK__1569055__serial__876295__date__2016-06-08.txt.gz
523,GZIP_y2016_s1000/CIK__1569994__serial__857031__date__2016-02-26.txt.gz
524,GZIP_y2016_s1000/CIK__1570585__serial__857035__date__2016-01-06.txt.gz
525,GZIP_y2016_s1000/CIK__1570585__serial__857061__date__2016-02-09.txt.gz
526,GZIP_y2016_s1000/CIK__1570585__serial__857081__date__2016-02-26.txt.gz
527,GZIP_y2016_s1000/CIK__1570585__serial__857109__date__2016-03-25.txt.gz
528,GZIP_y2016_s1000/CIK__1570585__serial__876333__date__2016-04-25.txt.gz
529,GZIP_y2016_s1000/CIK__1571116__serial__857123__date__2016-03-15.txt.gz
530,GZIP_y2016_s1000/CIK__1571123__serial__876367__date__2016-06-13.txt.gz
531,GZIP_y2016_s1000/CIK__1571776__serial__894854__date__2016-08-09.txt.gz
532,GZIP_y2016_s1000/CIK__1572684__serial__857167__date__2016-01-20.txt.gz
533,GZIP_y2016_s1000/CIK__1572910__serial__876439__date__2016-06-06.txt.gz
534,GZIP_y2016_s1000/CIK__1572910__serial__911769__date__2016-10-28.txt.gz
535,GZIP_y2016_s1000/CIK__1572987__serial__876440__date__2016-05-03.txt.gz
536,GZIP_y2016_s1000/CIK__1574085__serial__876466__date__2016-06-13.txt.gz
537,GZIP_y2016_s1000/CIK__1575428__serial__876522__date__2016-04-26.txt.gz
538,GZIP_y2016_s1000/CIK__1575793__serial__857269__date__2016-03-10.txt.gz
539,GZIP_y2016_s1000/CIK__1577916__serial__857329__date__2016-02-11.txt.gz
540,GZIP_y2016_s1000/CIK__1578318__serial__911902__date__2016-11-04.txt.gz
541,GZIP_y2016_s1000/CIK__1578735__serial__876613__date__2016-04-28.txt.gz
542,GZIP_y2016_s1000/CIK__1579157__serial__857367__date__2016-03-29.txt.gz
543,GZIP_y2016_s1000/CIK__1579252__serial__911947__date__2016-11-04.txt.gz
544,GZIP_y2016_s1000/CIK__1579298__serial__876638__date__2016-05-20.txt.gz
545,GZIP_y2016_s1000/CIK__1580185__serial__857399__date__2016-02-23.txt.gz
546,GZIP_y2016_s1000/CIK__1580490__serial__895099__date__2016-07-12.txt.gz
547,GZIP_y2016_s1000/CIK__1580608__serial__857406__date__2016-02-16.txt.gz
548,GZIP_y2016_s1000/CIK__1580673__serial__876692__date__2016-05-23.txt.gz
549,GZIP_y2016_s1000/CIK__1580836__serial__911992__date__2016-11-10.txt.gz
550,GZIP_y2016_s1000/CIK__1581164__serial__895133__date__2016-09-30.txt.gz
551,GZIP_y2016_s1000/CIK__1581405__serial__912016__date__2016-11-21.txt.gz
552,GZIP_y2016_s1000/CIK__1581776__serial__912024__date__2016-12-01.txt.gz
553,GZIP_y2016_s1000/CIK__1584137__serial__857507__date__2016-02-16.txt.gz
554,GZIP_y2016_s1000/CIK__1585101__serial__857541__date__2016-02-04.txt.gz
555,GZIP_y2016_s1000/CIK__1585101__serial__895267__date__2016-07-25.txt.gz
556,GZIP_y2016_s1000/CIK__1585389__serial__895280__date__2016-08-02.txt.gz
557,GZIP_y2016_s1000/CIK__1585689__serial__912140__date__2016-10-07.txt.gz
558,GZIP_y2016_s1000/CIK__1585854__serial__912157__date__2016-11-03.txt.gz
559,GZIP_y2016_s1000/CIK__1586452__serial__857580__date__2016-01-15.txt.gz
560,GZIP_y2016_s1000/CIK__1586495__serial__895329__date__2016-07-06.txt.gz
561,GZIP_y2016_s1000/CIK__1587221__serial__876929__date__2016-05-12.txt.gz
562,GZIP_y2016_s1000/CIK__1587221__serial__912196__date__2016-11-09.txt.gz
563,GZIP_y2016_s1000/CIK__1587246__serial__895342__date__2016-08-12.txt.gz
564,GZIP_y2016_s1000/CIK__1587732__serial__895350__date__2016-09-13.txt.gz
565,GZIP_y2016_s1000/CIK__1587732__serial__912203__date__2016-11-22.txt.gz
566,GZIP_y2016_s1000/CIK__1589526__serial__895391__date__2016-08-04.txt.gz
567,GZIP_y2016_s1000/CIK__1590364__serial__877009__date__2016-05-05.txt.gz
568,GZIP_y2016_s1000/CIK__1590584__serial__912259__date__2016-11-03.txt.gz
569,GZIP_y2016_s1000/CIK__1591157__serial__857695__date__2016-02-16.txt.gz
570,GZIP_y2016_s1000/CIK__1591517__serial__895440__date__2016-08-04.txt.gz
571,GZIP_y2016_s1000/CIK__1591588__serial__877064__date__2016-04-05.txt.gz
572,GZIP_y2016_s1000/CIK__1592000__serial__857727__date__2016-01-07.txt.gz
573,GZIP_y2016_s1000/CIK__1594590__serial__912396__date__2016-12-01.txt.gz
574,GZIP_y2016_s1000/CIK__1594864__serial__877203__date__2016-06-07.txt.gz
575,GZIP_y2016_s1000/CIK__1597503__serial__877256__date__2016-06-03.txt.gz
576,GZIP_y2016_s1000/CIK__1598646__serial__877276__date__2016-06-14.txt.gz
577,GZIP_y2016_s1000/CIK__1599222__serial__895634__date__2016-09-16.txt.gz
578,GZIP_y2016_s1000/CIK__1600422__serial__857931__date__2016-03-10.txt.gz
579,GZIP_y2016_s1000/CIK__1600422__serial__912517__date__2016-11-15.txt.gz
580,GZIP_y2016_s1000/CIK__1601712__serial__895708__date__2016-07-07.txt.gz
581,GZIP_y2016_s1000/CIK__1601712__serial__895712__date__2016-08-04.txt.gz
582,GZIP_y2016_s1000/CIK__1602065__serial__895716__date__2016-08-01.txt.gz
583,GZIP_y2016_s1000/CIK__1603145__serial__895724__date__2016-07-27.txt.gz
584,GZIP_y2016_s1000/CIK__1603923__serial__877390__date__2016-05-24.txt.gz
585,GZIP_y2016_s1000/CIK__1604738__serial__877430__date__2016-04-12.txt.gz
586,GZIP_y2016_s1000/CIK__1606268__serial__858042__date__2016-03-24.txt.gz
587,GZIP_y2016_s1000/CIK__1606745__serial__877513__date__2016-06-01.txt.gz
588,GZIP_y2016_s1000/CIK__1607250__serial__895823__date__2016-07-21.txt.gz
589,GZIP_y2016_s1000/CIK__1607250__serial__912674__date__2016-12-09.txt.gz
590,GZIP_y2016_s1000/CIK__1607716__serial__858076__date__2016-03-08.txt.gz
591,GZIP_y2016_s1000/CIK__1607962__serial__912689__date__2016-11-03.txt.gz
592,GZIP_y2016_s1000/CIK__1609132__serial__858093__date__2016-01-21.txt.gz
593,GZIP_y2016_s1000/CIK__1610837__serial__858166__date__2016-03-22.txt.gz
594,GZIP_y2016_s1000/CIK__1611852__serial__895944__date__2016-08-29.txt.gz
595,GZIP_y2016_s1000/CIK__1611988__serial__877652__date__2016-06-13.txt.gz
596,GZIP_y2016_s1000/CIK__1611988__serial__895951__date__2016-08-04.txt.gz
597,GZIP_y2016_s1000/CIK__1612630__serial__895955__date__2016-07-14.txt.gz
598,GZIP_y2016_s1000/CIK__1614436__serial__895970__date__2016-09-09.txt.gz
599,GZIP_y2016_s1000/CIK__1614818__serial__912830__date__2016-11-04.txt.gz
600,GZIP_y2016_s1000/CIK__1615153__serial__877694__date__2016-04-14.txt.gz
601,GZIP_y2016_s1000/CIK__1615219__serial__877702__date__2016-05-13.txt.gz
602,GZIP_y2016_s1000/CIK__1615817__serial__896004__date__2016-07-18.txt.gz
603,GZIP_y2016_s1000/CIK__1616101__serial__896017__date__2016-07-01.txt.gz
604,GZIP_y2016_s1000/CIK__1616862__serial__912891__date__2016-12-15.txt.gz
605,GZIP_y2016_s1000/CIK__1617669__serial__877778__date__2016-05-12.txt.gz
606,GZIP_y2016_s1000/CIK__1618563__serial__912930__date__2016-10-13.txt.gz
607,GZIP_y2016_s1000/CIK__1618673__serial__877809__date__2016-05-24.txt.gz
608,GZIP_y2016_s1000/CIK__1618673__serial__896086__date__2016-09-08.txt.gz
609,GZIP_y2016_s1000/CIK__1618694__serial__896093__date__2016-08-22.txt.gz
610,GZIP_y2016_s1000/CIK__1618697__serial__912948__date__2016-10-19.txt.gz
611,GZIP_y2016_s1000/CIK__1618756__serial__896114__date__2016-07-15.txt.gz
612,GZIP_y2016_s1000/CIK__1619055__serial__896127__date__2016-07-12.txt.gz
613,GZIP_y2016_s1000/CIK__1620702__serial__877901__date__2016-05-10.txt.gz
614,GZIP_y2016_s1000/CIK__1620928__serial__913025__date__2016-10-11.txt.gz
615,GZIP_y2016_s1000/CIK__1621227__serial__858394__date__2016-02-16.txt.gz
616,GZIP_y2016_s1000/CIK__1621906__serial__877937__date__2016-06-30.txt.gz
617,GZIP_y2016_s1000/CIK__1622353__serial__896205__date__2016-07-28.txt.gz
618,GZIP_y2016_s1000/CIK__1623613__serial__858445__date__2016-03-01.txt.gz
619,GZIP_y2016_s1000/CIK__1625941__serial__913142__date__2016-12-14.txt.gz
620,GZIP_y2016_s1000/CIK__1627223__serial__896291__date__2016-08-09.txt.gz
621,GZIP_y2016_s1000/CIK__1627426__serial__858483__date__2016-03-01.txt.gz
622,GZIP_y2016_s1000/CIK__1628871__serial__858506__date__2016-01-25.txt.gz
623,GZIP_y2016_s1000/CIK__1628871__serial__896311__date__2016-08-25.txt.gz
624,GZIP_y2016_s1000/CIK__1629261__serial__858527__date__2016-02-26.txt.gz
625,GZIP_y2016_s1000/CIK__1630031__serial__913211__date__2016-10-24.txt.gz
626,GZIP_y2016_s1000/CIK__1632790__serial__878128__date__2016-05-10.txt.gz
627,GZIP_y2016_s1000/CIK__1633858__serial__878150__date__2016-04-29.txt.gz
628,GZIP_y2016_s1000/CIK__1635718__serial__878191__date__2016-04-11.txt.gz
629,GZIP_y2016_s1000/CIK__1636286__serial__858622__date__2016-01-21.txt.gz
630,GZIP_y2016_s1000/CIK__1640313__serial__878279__date__2016-05-02.txt.gz
631,GZIP_y2016_s1000/CIK__1641197__serial__913391__date__2016-10-24.txt.gz
632,GZIP_y2016_s1000/CIK__1642081__serial__878300__date__2016-05-16.txt.gz
633,GZIP_y2016_s1000/CIK__1642380__serial__858694__date__2016-01-12.txt.gz
634,GZIP_y2016_s1000/CIK__1644378__serial__858710__date__2016-02-09.txt.gz
635,GZIP_y2016_s1000/CIK__1644761__serial__878328__date__2016-05-18.txt.gz
636,GZIP_y2016_s1000/CIK__1645494__serial__858742__date__2016-02-17.txt.gz
637,GZIP_y2016_s1000/CIK__1648428__serial__878386__date__2016-05-05.txt.gz
638,GZIP_y2016_s1000/CIK__1648893__serial__858786__date__2016-03-30.txt.gz
639,GZIP_y2016_s1000/CIK__1650132__serial__878411__date__2016-06-20.txt.gz
640,GZIP_y2016_s1000/CIK__1650203__serial__896639__date__2016-09-20.txt.gz
641,GZIP_y2016_s1000/CIK__1650205__serial__878414__date__2016-05-02.txt.gz
642,GZIP_y2016_s1000/CIK__1650962__serial__913547__date__2016-10-04.txt.gz
643,GZIP_y2016_s1000/CIK__1650962__serial__913549__date__2016-11-07.txt.gz
644,GZIP_y2016_s1000/CIK__1651932__serial__878444__date__2016-05-26.txt.gz
645,GZIP_y2016_s1000/CIK__1651987__serial__858817__date__2016-01-12.txt.gz
646,GZIP_y2016_s1000/CIK__1652044__serial__878452__date__2016-05-03.txt.gz
647,GZIP_y2016_s1000/CIK__1653558__serial__896675__date__2016-09-16.txt.gz
648,GZIP_y2016_s1000/CIK__1653882__serial__913594__date__2016-12-15.txt.gz
649,GZIP_y2016_s1000/CIK__1654588__serial__913596__date__2016-10-25.txt.gz
650,GZIP_y2016_s1000/CIK__1655780__serial__913621__date__2016-11-30.txt.gz
651,GZIP_y2016_s1000/CIK__1658982__serial__896725__date__2016-08-08.txt.gz
652,GZIP_y2016_s1000/CIK__1661920__serial__913681__date__2016-11-02.txt.gz
653,GZIP_y2016_s1000/CIK__1664682__serial__878572__date__2016-04-26.txt.gz
654,GZIP_y2016_s1000/CIK__1665081__serial__878578__date__2016-04-27.txt.gz
655,GZIP_y2016_s1000/CIK__1667546__serial__858903__date__2016-03-16.txt.gz
656,GZIP_y2016_s1000/CIK__1669811__serial__913733__date__2016-10-27.txt.gz
657,GZIP_y2016_s1000/CIK__1672885__serial__896829__date__2016-07-26.txt.gz
658,GZIP_y2016_s1000/CIK__1673358__serial__913778__date__2016-11-01.txt.gz
659,GZIP_y2016_s1000/CIK__1679273__serial__913858__date__2016-11-17.txt.gz
660,GZIP_y2016_s1000/CIK__1680048__serial__913862__date__2016-10-20.txt.gz
661,GZIP_y2016_s1000/CIK__1685854__serial__913922__date__2016-11-23.txt.gz
662,GZIP_y2016_s1000/CIK__1689111__serial__913959__date__2016-12-22.txt.gz
663,GZIP_y2016_s1000/CIK__18172_0__serial__858964__date__2016-03-22.txt.gz
664,GZIP_y2016_s1000/CIK__19411_0__serial__896991__date__2016-09-01.txt.gz
665,GZIP_y2016_s1000/CIK__19617_0__serial__859007__date__2016-01-14.txt.gz
666,GZIP_y2016_s1000/CIK__200406___serial__859024__date__2016-03-01.txt.gz
667,GZIP_y2016_s1000/CIK__21076_0__serial__914097__date__2016-11-02.txt.gz
668,GZIP_y2016_s1000/CIK__216085___serial__859088__date__2016-01-11.txt.gz
669,GZIP_y2016_s1000/CIK__23082_0__serial__914163__date__2016-11-04.txt.gz
670,GZIP_y2016_s1000/CIK__23197_0__serial__859154__date__2016-02-23.txt.gz
671,GZIP_y2016_s1000/CIK__23197_0__serial__914175__date__2016-12-09.txt.gz
672,GZIP_y2016_s1000/CIK__24090_0__serial__878901__date__2016-06-28.txt.gz
673,GZIP_y2016_s1000/CIK__24545_0__serial__878907__date__2016-05-03.txt.gz
674,GZIP_y2016_s1000/CIK__24545_0__serial__878909__date__2016-05-26.txt.gz
675,GZIP_y2016_s1000/CIK__25445_0__serial__897172__date__2016-07-26.txt.gz
676,GZIP_y2016_s1000/CIK__26076_0__serial__914214__date__2016-10-13.txt.gz
677,GZIP_y2016_s1000/CIK__27093_0__serial__859211__date__2016-02-23.txt.gz
678,GZIP_y2016_s1000/CIK__27093_0__serial__897202__date__2016-09-15.txt.gz
679,GZIP_y2016_s1000/CIK__27093_0__serial__914228__date__2016-11-29.txt.gz
680,GZIP_y2016_s1000/CIK__276209___serial__897218__date__2016-09-14.txt.gz
681,GZIP_y2016_s1000/CIK__276720___serial__859223__date__2016-03-30.txt.gz
682,GZIP_y2016_s1000/CIK__278166___serial__897245__date__2016-07-14.txt.gz
683,GZIP_y2016_s1000/CIK__27996_0__serial__914280__date__2016-10-13.txt.gz
684,GZIP_y2016_s1000/CIK__28412_0__serial__859271__date__2016-02-16.txt.gz
685,GZIP_y2016_s1000/CIK__29669_0__serial__897302__date__2016-09-26.txt.gz
686,GZIP_y2016_s1000/CIK__2969_00__serial__914313__date__2016-10-05.txt.gz
687,GZIP_y2016_s1000/CIK__29834_0__serial__879075__date__2016-04-11.txt.gz
688,GZIP_y2016_s1000/CIK__30305_0__serial__859316__date__2016-01-25.txt.gz
689,GZIP_y2016_s1000/CIK__30371_0__serial__859322__date__2016-03-15.txt.gz
690,GZIP_y2016_s1000/CIK__30371_0__serial__879095__date__2016-05-18.txt.gz
691,GZIP_y2016_s1000/CIK__310142___serial__897338__date__2016-07-26.txt.gz
692,GZIP_y2016_s1000/CIK__310354___serial__914345__date__2016-10-18.txt.gz
693,GZIP_y2016_s1000/CIK__310568___serial__897347__date__2016-09-07.txt.gz
694,GZIP_y2016_s1000/CIK__313364___serial__914372__date__2016-12-16.txt.gz
695,GZIP_y2016_s1000/CIK__314808___serial__859419__date__2016-02-25.txt.gz
696,GZIP_y2016_s1000/CIK__315189___serial__914410__date__2016-12-20.txt.gz
697,GZIP_y2016_s1000/CIK__315256___serial__914413__date__2016-11-04.txt.gz
698,GZIP_y2016_s1000/CIK__315449___serial__914422__date__2016-12-27.txt.gz
699,GZIP_y2016_s1000/CIK__315709___serial__914435__date__2016-11-07.txt.gz
700,GZIP_y2016_s1000/CIK__316253___serial__879244__date__2016-06-08.txt.gz
701,GZIP_y2016_s1000/CIK__316300___serial__897457__date__2016-09-08.txt.gz
702,GZIP_y2016_s1000/CIK__317788___serial__897472__date__2016-08-31.txt.gz
703,GZIP_y2016_s1000/CIK__31791_0__serial__897478__date__2016-08-12.txt.gz
704,GZIP_y2016_s1000/CIK__319201___serial__859545__date__2016-02-05.txt.gz
705,GZIP_y2016_s1000/CIK__319458___serial__859550__date__2016-03-31.txt.gz
706,GZIP_y2016_s1000/CIK__319458___serial__879300__date__2016-05-11.txt.gz
707,GZIP_y2016_s1000/CIK__319643___serial__897508__date__2016-09-07.txt.gz
708,GZIP_y2016_s1000/CIK__319687___serial__897520__date__2016-07-19.txt.gz
709,GZIP_y2016_s1000/CIK__319687___serial__914531__date__2016-11-15.txt.gz
710,GZIP_y2016_s1000/CIK__3197_00__serial__914536__date__2016-12-06.txt.gz
711,GZIP_y2016_s1000/CIK__320575___serial__897560__date__2016-09-20.txt.gz
712,GZIP_y2016_s1000/CIK__32604_0__serial__897563__date__2016-08-02.txt.gz
713,GZIP_y2016_s1000/CIK__32604_0__serial__897567__date__2016-08-18.txt.gz
714,GZIP_y2016_s1000/CIK__32689_0__serial__859614__date__2016-02-12.txt.gz
715,GZIP_y2016_s1000/CIK__33488_0__serial__859626__date__2016-02-26.txt.gz
716,GZIP_y2016_s1000/CIK__33769_0__serial__859636__date__2016-03-09.txt.gz
717,GZIP_y2016_s1000/CIK__34903_0__serial__897621__date__2016-08-05.txt.gz
718,GZIP_y2016_s1000/CIK__350644___serial__879441__date__2016-06-14.txt.gz
719,GZIP_y2016_s1000/CIK__350894___serial__914631__date__2016-12-14.txt.gz
720,GZIP_y2016_s1000/CIK__352541___serial__897660__date__2016-08-02.txt.gz
721,GZIP_y2016_s1000/CIK__353020___serial__859720__date__2016-01-08.txt.gz
722,GZIP_y2016_s1000/CIK__353020___serial__914664__date__2016-11-01.txt.gz
723,GZIP_y2016_s1000/CIK__353020___serial__914665__date__2016-11-04.txt.gz
724,GZIP_y2016_s1000/CIK__3545_00__serial__859737__date__2016-02-25.txt.gz
725,GZIP_y2016_s1000/CIK__355999___serial__879565__date__2016-05-31.txt.gz
726,GZIP_y2016_s1000/CIK__356028___serial__897729__date__2016-07-27.txt.gz
727,GZIP_y2016_s1000/CIK__356213___serial__879582__date__2016-04-07.txt.gz
728,GZIP_y2016_s1000/CIK__357097___serial__897750__date__2016-07-12.txt.gz
729,GZIP_y2016_s1000/CIK__3570_00__serial__879612__date__2016-06-06.txt.gz
730,GZIP_y2016_s1000/CIK__357173___serial__879618__date__2016-05-05.txt.gz
731,GZIP_y2016_s1000/CIK__36104_0__serial__879638__date__2016-04-26.txt.gz
732,GZIP_y2016_s1000/CIK__37008_0__serial__897801__date__2016-08-11.txt.gz
733,GZIP_y2016_s1000/CIK__37634_0__serial__859853__date__2016-01-15.txt.gz
734,GZIP_y2016_s1000/CIK__39899_0__serial__897859__date__2016-09-07.txt.gz
735,GZIP_y2016_s1000/CIK__40211_0__serial__879726__date__2016-04-06.txt.gz
736,GZIP_y2016_s1000/CIK__45012_0__serial__879830__date__2016-06-03.txt.gz
737,GZIP_y2016_s1000/CIK__4515_00__serial__897957__date__2016-08-09.txt.gz
738,GZIP_y2016_s1000/CIK__4904_00__serial__898017__date__2016-09-06.txt.gz
739,GZIP_y2016_s1000/CIK__49648_0__serial__915007__date__2016-10-27.txt.gz
740,GZIP_y2016_s1000/CIK__50104_0__serial__915023__date__2016-10-03.txt.gz
741,GZIP_y2016_s1000/CIK__5272_00__serial__860144__date__2016-02-26.txt.gz
742,GZIP_y2016_s1000/CIK__5272_00__serial__860145__date__2016-03-08.txt.gz
743,GZIP_y2016_s1000/CIK__54187_0__serial__860164__date__2016-03-03.txt.gz
744,GZIP_y2016_s1000/CIK__54480_0__serial__880023__date__2016-05-10.txt.gz
745,GZIP_y2016_s1000/CIK__55067_0__serial__880036__date__2016-05-19.txt.gz
746,GZIP_y2016_s1000/CIK__56978_0__serial__915121__date__2016-11-15.txt.gz
747,GZIP_y2016_s1000/CIK__57725_0__serial__915131__date__2016-11-04.txt.gz
748,GZIP_y2016_s1000/CIK__58361_0__serial__898175__date__2016-09-27.txt.gz
749,GZIP_y2016_s1000/CIK__58361_0__serial__915133__date__2016-12-09.txt.gz
750,GZIP_y2016_s1000/CIK__59440_0__serial__880109__date__2016-06-17.txt.gz
751,GZIP_y2016_s1000/CIK__5981_00__serial__880118__date__2016-05-05.txt.gz
752,GZIP_y2016_s1000/CIK__60714_0__serial__860269__date__2016-03-09.txt.gz
753,GZIP_y2016_s1000/CIK__60714_0__serial__915175__date__2016-11-29.txt.gz
754,GZIP_y2016_s1000/CIK__61004_0__serial__860271__date__2016-02-29.txt.gz
755,GZIP_y2016_s1000/CIK__61986_0__serial__860285__date__2016-02-11.txt.gz
756,GZIP_y2016_s1000/CIK__6207_00__serial__915198__date__2016-12-14.txt.gz
757,GZIP_y2016_s1000/CIK__62996_0__serial__880174__date__2016-04-26.txt.gz
758,GZIP_y2016_s1000/CIK__64803_0__serial__915233__date__2016-12-15.txt.gz
759,GZIP_y2016_s1000/CIK__6494_00__serial__860338__date__2016-02-22.txt.gz
760,GZIP_y2016_s1000/CIK__65312_0__serial__880217__date__2016-05-11.txt.gz
761,GZIP_y2016_s1000/CIK__67215_0__serial__880263__date__2016-06-22.txt.gz
762,GZIP_y2016_s1000/CIK__68709_0__serial__880299__date__2016-04-06.txt.gz
763,GZIP_y2016_s1000/CIK__6955_00__serial__880312__date__2016-04-07.txt.gz
764,GZIP_y2016_s1000/CIK__69633_0__serial__898376__date__2016-09-09.txt.gz
765,GZIP_y2016_s1000/CIK__701347___serial__880343__date__2016-04-28.txt.gz
766,GZIP_y2016_s1000/CIK__701853___serial__915377__date__2016-10-20.txt.gz
767,GZIP_y2016_s1000/CIK__70318_0__serial__860512__date__2016-01-19.txt.gz
768,GZIP_y2016_s1000/CIK__704051___serial__898461__date__2016-09-08.txt.gz
769,GZIP_y2016_s1000/CIK__704562___serial__915431__date__2016-12-06.txt.gz
770,GZIP_y2016_s1000/CIK__708819___serial__880513__date__2016-05-16.txt.gz
771,GZIP_y2016_s1000/CIK__708821___serial__860617__date__2016-03-21.txt.gz
772,GZIP_y2016_s1000/CIK__709005___serial__898535__date__2016-07-08.txt.gz
773,GZIP_y2016_s1000/CIK__712771___serial__898578__date__2016-09-21.txt.gz
774,GZIP_y2016_s1000/CIK__714395___serial__880600__date__2016-05-20.txt.gz
775,GZIP_y2016_s1000/CIK__715579___serial__880621__date__2016-04-28.txt.gz
776,GZIP_y2016_s1000/CIK__718332___serial__860768__date__2016-02-10.txt.gz
777,GZIP_y2016_s1000/CIK__719274___serial__880709__date__2016-04-18.txt.gz
778,GZIP_y2016_s1000/CIK__719402___serial__898689__date__2016-07-28.txt.gz
779,GZIP_y2016_s1000/CIK__720005___serial__898712__date__2016-09-21.txt.gz
780,GZIP_y2016_s1000/CIK__720858___serial__915695__date__2016-11-02.txt.gz
781,GZIP_y2016_s1000/CIK__72162_0__serial__860838__date__2016-03-18.txt.gz
782,GZIP_y2016_s1000/CIK__722313___serial__880788__date__2016-05-06.txt.gz
783,GZIP_y2016_s1000/CIK__722723___serial__880789__date__2016-04-18.txt.gz
784,GZIP_y2016_s1000/CIK__723125___serial__880801__date__2016-06-08.txt.gz
785,GZIP_y2016_s1000/CIK__723603___serial__898756__date__2016-08-30.txt.gz
786,GZIP_y2016_s1000/CIK__72444_0__serial__860905__date__2016-02-26.txt.gz
787,GZIP_y2016_s1000/CIK__724742___serial__880843__date__2016-06-16.txt.gz
788,GZIP_y2016_s1000/CIK__725876___serial__915788__date__2016-12-07.txt.gz
789,GZIP_y2016_s1000/CIK__726513___serial__898802__date__2016-09-28.txt.gz
790,GZIP_y2016_s1000/CIK__7286_00__serial__880925__date__2016-06-28.txt.gz
791,GZIP_y2016_s1000/CIK__72909_0__serial__880935__date__2016-06-22.txt.gz
792,GZIP_y2016_s1000/CIK__729237___serial__860994__date__2016-02-08.txt.gz
793,GZIP_y2016_s1000/CIK__729580___serial__880941__date__2016-05-06.txt.gz
794,GZIP_y2016_s1000/CIK__730255___serial__898904__date__2016-09-29.txt.gz
795,GZIP_y2016_s1000/CIK__73088_0__serial__898920__date__2016-07-22.txt.gz
796,GZIP_y2016_s1000/CIK__732712___serial__881050__date__2016-06-28.txt.gz
797,GZIP_y2016_s1000/CIK__732717___serial__861093__date__2016-03-22.txt.gz
798,GZIP_y2016_s1000/CIK__736822___serial__881081__date__2016-05-10.txt.gz
799,GZIP_y2016_s1000/CIK__737207___serial__915977__date__2016-11-04.txt.gz
800,GZIP_y2016_s1000/CIK__738214___serial__881099__date__2016-05-05.txt.gz
801,GZIP_y2016_s1000/CIK__743988___serial__899066__date__2016-08-11.txt.gz
802,GZIP_y2016_s1000/CIK__745308___serial__899073__date__2016-08-03.txt.gz
803,GZIP_y2016_s1000/CIK__746838___serial__881228__date__2016-04-21.txt.gz
804,GZIP_y2016_s1000/CIK__751652___serial__899132__date__2016-09-16.txt.gz
805,GZIP_y2016_s1000/CIK__752714___serial__861291__date__2016-02-11.txt.gz
806,GZIP_y2016_s1000/CIK__753048___serial__861295__date__2016-01-19.txt.gz
807,GZIP_y2016_s1000/CIK__754673___serial__861318__date__2016-01-27.txt.gz
808,GZIP_y2016_s1000/CIK__763563___serial__861372__date__2016-02-18.txt.gz
809,GZIP_y2016_s1000/CIK__763744___serial__861378__date__2016-02-11.txt.gz
810,GZIP_y2016_s1000/CIK__763901___serial__916257__date__2016-11-22.txt.gz
811,GZIP_y2016_s1000/CIK__765207___serial__899280__date__2016-09-22.txt.gz
812,GZIP_y2016_s1000/CIK__767405___serial__861452__date__2016-01-26.txt.gz
813,GZIP_y2016_s1000/CIK__771497___serial__881547__date__2016-06-08.txt.gz
814,GZIP_y2016_s1000/CIK__772406___serial__881560__date__2016-04-26.txt.gz
815,GZIP_y2016_s1000/CIK__773840___serial__881575__date__2016-04-29.txt.gz
816,GZIP_y2016_s1000/CIK__776901___serial__899389__date__2016-09-20.txt.gz
817,GZIP_y2016_s1000/CIK__777491___serial__881612__date__2016-06-06.txt.gz
818,GZIP_y2016_s1000/CIK__778164___serial__881619__date__2016-05-04.txt.gz
819,GZIP_y2016_s1000/CIK__77877_0__serial__881626__date__2016-06-14.txt.gz
820,GZIP_y2016_s1000/CIK__78239_0__serial__881655__date__2016-06-14.txt.gz
821,GZIP_y2016_s1000/CIK__784681___serial__881688__date__2016-06-21.txt.gz
822,GZIP_y2016_s1000/CIK__785786___serial__881697__date__2016-04-20.txt.gz
823,GZIP_y2016_s1000/CIK__788920___serial__861663__date__2016-02-11.txt.gz
824,GZIP_y2016_s1000/CIK__789570___serial__916531__date__2016-11-07.txt.gz
825,GZIP_y2016_s1000/CIK__791907___serial__916553__date__2016-10-19.txt.gz
826,GZIP_y2016_s1000/CIK__792977___serial__861727__date__2016-02-08.txt.gz
827,GZIP_y2016_s1000/CIK__793074___serial__916577__date__2016-12-08.txt.gz
828,GZIP_y2016_s1000/CIK__79879_0__serial__881925__date__2016-06-27.txt.gz
829,GZIP_y2016_s1000/CIK__798941___serial__881926__date__2016-04-27.txt.gz
830,GZIP_y2016_s1000/CIK__799288___serial__916672__date__2016-12-19.txt.gz
831,GZIP_y2016_s1000/CIK__79958_0__serial__861829__date__2016-02-10.txt.gz
832,GZIP_y2016_s1000/CIK__803164___serial__861871__date__2016-03-28.txt.gz
833,GZIP_y2016_s1000/CIK__804753___serial__916755__date__2016-11-01.txt.gz
834,GZIP_y2016_s1000/CIK__805022___serial__916761__date__2016-11-16.txt.gz
835,GZIP_y2016_s1000/CIK__810136___serial__899799__date__2016-08-19.txt.gz
836,GZIP_y2016_s1000/CIK__81033_0__serial__882124__date__2016-04-29.txt.gz
837,GZIP_y2016_s1000/CIK__811212___serial__899837__date__2016-09-26.txt.gz
838,GZIP_y2016_s1000/CIK__811240___serial__882161__date__2016-05-12.txt.gz
839,GZIP_y2016_s1000/CIK__812074___serial__899865__date__2016-07-27.txt.gz
840,GZIP_y2016_s1000/CIK__812796___serial__862063__date__2016-03-07.txt.gz
841,GZIP_y2016_s1000/CIK__816956___serial__916946__date__2016-10-27.txt.gz
842,GZIP_y2016_s1000/CIK__817979___serial__862171__date__2016-02-26.txt.gz
843,GZIP_y2016_s1000/CIK__819050___serial__862185__date__2016-03-14.txt.gz
844,GZIP_y2016_s1000/CIK__820318___serial__899994__date__2016-08-02.txt.gz
845,GZIP_y2016_s1000/CIK__822662___serial__900044__date__2016-07-22.txt.gz
846,GZIP_y2016_s1000/CIK__825313___serial__917064__date__2016-10-26.txt.gz
847,GZIP_y2016_s1000/CIK__827054___serial__862327__date__2016-02-03.txt.gz
848,GZIP_y2016_s1000/CIK__827809___serial__917113__date__2016-11-01.txt.gz
849,GZIP_y2016_s1000/CIK__827871___serial__862347__date__2016-03-28.txt.gz
850,GZIP_y2016_s1000/CIK__830483___serial__882512__date__2016-04-06.txt.gz
851,GZIP_y2016_s1000/CIK__830916___serial__882523__date__2016-05-05.txt.gz
852,GZIP_y2016_s1000/CIK__831001___serial__900155__date__2016-08-26.txt.gz
853,GZIP_y2016_s1000/CIK__831259___serial__882550__date__2016-05-31.txt.gz
854,GZIP_y2016_s1000/CIK__831547___serial__862399__date__2016-01-05.txt.gz
855,GZIP_y2016_s1000/CIK__831968___serial__882558__date__2016-04-28.txt.gz
856,GZIP_y2016_s1000/CIK__831968___serial__917186__date__2016-10-26.txt.gz
857,GZIP_y2016_s1000/CIK__835887___serial__900208__date__2016-07-20.txt.gz
858,GZIP_y2016_s1000/CIK__835887___serial__917234__date__2016-11-07.txt.gz
859,GZIP_y2016_s1000/CIK__839470___serial__862491__date__2016-02-17.txt.gz
860,GZIP_y2016_s1000/CIK__840489___serial__882649__date__2016-04-29.txt.gz
861,GZIP_y2016_s1000/CIK__840715___serial__917255__date__2016-11-08.txt.gz
862,GZIP_y2016_s1000/CIK__845289___serial__882718__date__2016-04-05.txt.gz
863,GZIP_y2016_s1000/CIK__845289___serial__917308__date__2016-10-13.txt.gz
864,GZIP_y2016_s1000/CIK__845698___serial__900301__date__2016-07-06.txt.gz
865,GZIP_y2016_s1000/CIK__846617___serial__900310__date__2016-07-08.txt.gz
866,GZIP_y2016_s1000/CIK__84839_0__serial__882776__date__2016-04-05.txt.gz
867,GZIP_y2016_s1000/CIK__850460___serial__882821__date__2016-05-12.txt.gz
868,GZIP_y2016_s1000/CIK__854800___serial__917414__date__2016-12-23.txt.gz
869,GZIP_y2016_s1000/CIK__855654___serial__882866__date__2016-04-26.txt.gz
870,GZIP_y2016_s1000/CIK__855658___serial__900409__date__2016-08-09.txt.gz
871,GZIP_y2016_s1000/CIK__855683___serial__882874__date__2016-06-30.txt.gz
872,GZIP_y2016_s1000/CIK__858655___serial__882921__date__2016-05-05.txt.gz
873,GZIP_y2016_s1000/CIK__858877___serial__900459__date__2016-09-13.txt.gz
874,GZIP_y2016_s1000/CIK__859737___serial__917492__date__2016-12-15.txt.gz
875,GZIP_y2016_s1000/CIK__859747___serial__862770__date__2016-02-03.txt.gz
876,GZIP_y2016_s1000/CIK__860546___serial__862783__date__2016-02-12.txt.gz
877,GZIP_y2016_s1000/CIK__860730___serial__900487__date__2016-07-28.txt.gz
878,GZIP_y2016_s1000/CIK__861441___serial__900501__date__2016-09-06.txt.gz
879,GZIP_y2016_s1000/CIK__86264_0__serial__917537__date__2016-11-10.txt.gz
880,GZIP_y2016_s1000/CIK__863894___serial__900538__date__2016-08-01.txt.gz
881,GZIP_y2016_s1000/CIK__864559___serial__883043__date__2016-04-26.txt.gz
882,GZIP_y2016_s1000/CIK__865911___serial__883061__date__2016-04-27.txt.gz
883,GZIP_y2016_s1000/CIK__865941___serial__917591__date__2016-11-03.txt.gz
884,GZIP_y2016_s1000/CIK__866787___serial__862890__date__2016-03-22.txt.gz
885,GZIP_y2016_s1000/CIK__866829___serial__883091__date__2016-05-20.txt.gz
886,GZIP_y2016_s1000/CIK__868671___serial__917635__date__2016-10-20.txt.gz
887,GZIP_y2016_s1000/CIK__868780___serial__883137__date__2016-05-25.txt.gz
888,GZIP_y2016_s1000/CIK__87347_0__serial__862997__date__2016-03-25.txt.gz
889,GZIP_y2016_s1000/CIK__874015___serial__883195__date__2016-06-07.txt.gz
890,GZIP_y2016_s1000/CIK__874841___serial__900702__date__2016-09-12.txt.gz
891,GZIP_y2016_s1000/CIK__874866___serial__900704__date__2016-08-05.txt.gz
892,GZIP_y2016_s1000/CIK__87565_0__serial__900726__date__2016-08-11.txt.gz
893,GZIP_y2016_s1000/CIK__87565_0__serial__917757__date__2016-10-26.txt.gz
894,GZIP_y2016_s1000/CIK__876437___serial__883292__date__2016-04-19.txt.gz
895,GZIP_y2016_s1000/CIK__877422___serial__900760__date__2016-07-20.txt.gz
896,GZIP_y2016_s1000/CIK__878526___serial__900783__date__2016-09-22.txt.gz
897,GZIP_y2016_s1000/CIK__878932___serial__883347__date__2016-06-16.txt.gz
898,GZIP_y2016_s1000/CIK__879407___serial__900807__date__2016-09-29.txt.gz
899,GZIP_y2016_s1000/CIK__879585___serial__917830__date__2016-10-27.txt.gz
900,GZIP_y2016_s1000/CIK__879635___serial__900816__date__2016-08-09.txt.gz
901,GZIP_y2016_s1000/CIK__880266___serial__917853__date__2016-10-26.txt.gz
902,GZIP_y2016_s1000/CIK__880641___serial__863198__date__2016-02-03.txt.gz
903,GZIP_y2016_s1000/CIK__880641___serial__900852__date__2016-07-22.txt.gz
904,GZIP_y2016_s1000/CIK__880771___serial__883406__date__2016-06-15.txt.gz
905,GZIP_y2016_s1000/CIK__882095___serial__863227__date__2016-02-03.txt.gz
906,GZIP_y2016_s1000/CIK__882508___serial__900892__date__2016-08-31.txt.gz
907,GZIP_y2016_s1000/CIK__882835___serial__883460__date__2016-06-02.txt.gz
908,GZIP_y2016_s1000/CIK__883980___serial__917953__date__2016-12-27.txt.gz
909,GZIP_y2016_s1000/CIK__884940___serial__900965__date__2016-09-16.txt.gz
910,GZIP_y2016_s1000/CIK__885322___serial__863354__date__2016-01-12.txt.gz
911,GZIP_y2016_s1000/CIK__885568___serial__883580__date__2016-06-30.txt.gz
912,GZIP_y2016_s1000/CIK__885568___serial__918004__date__2016-12-14.txt.gz
913,GZIP_y2016_s1000/CIK__885590___serial__883583__date__2016-04-25.txt.gz
914,GZIP_y2016_s1000/CIK__885978___serial__901002__date__2016-08-04.txt.gz
915,GZIP_y2016_s1000/CIK__887150___serial__901044__date__2016-09-13.txt.gz
916,GZIP_y2016_s1000/CIK__887359___serial__863456__date__2016-03-07.txt.gz
917,GZIP_y2016_s1000/CIK__889123___serial__883722__date__2016-04-29.txt.gz
918,GZIP_y2016_s1000/CIK__890926___serial__918166__date__2016-11-18.txt.gz
919,GZIP_y2016_s1000/CIK__891014___serial__863564__date__2016-01-20.txt.gz
920,GZIP_y2016_s1000/CIK__891014___serial__883793__date__2016-05-05.txt.gz
921,GZIP_y2016_s1000/CIK__891103___serial__918178__date__2016-11-02.txt.gz
922,GZIP_y2016_s1000/CIK__891417___serial__883817__date__2016-05-31.txt.gz
923,GZIP_y2016_s1000/CIK__891532___serial__901188__date__2016-08-16.txt.gz
924,GZIP_y2016_s1000/CIK__892222___serial__883826__date__2016-05-16.txt.gz
925,GZIP_y2016_s1000/CIK__892482___serial__918204__date__2016-11-02.txt.gz
926,GZIP_y2016_s1000/CIK__894315___serial__901241__date__2016-07-27.txt.gz
927,GZIP_y2016_s1000/CIK__894327___serial__918236__date__2016-10-17.txt.gz
928,GZIP_y2016_s1000/CIK__894327___serial__918238__date__2016-11-29.txt.gz
929,GZIP_y2016_s1000/CIK__894329___serial__901254__date__2016-08-16.txt.gz
930,GZIP_y2016_s1000/CIK__894627___serial__901266__date__2016-08-02.txt.gz
931,GZIP_y2016_s1000/CIK__8947_00__serial__901274__date__2016-07-05.txt.gz
932,GZIP_y2016_s1000/CIK__895051___serial__918267__date__2016-11-14.txt.gz
933,GZIP_y2016_s1000/CIK__895655___serial__863733__date__2016-02-11.txt.gz
934,GZIP_y2016_s1000/CIK__896841___serial__918332__date__2016-11-09.txt.gz
935,GZIP_y2016_s1000/CIK__897075___serial__918343__date__2016-12-12.txt.gz
936,GZIP_y2016_s1000/CIK__899051___serial__918376__date__2016-11-17.txt.gz
937,GZIP_y2016_s1000/CIK__900075___serial__863848__date__2016-02-24.txt.gz
938,GZIP_y2016_s1000/CIK__902274___serial__884083__date__2016-05-13.txt.gz
939,GZIP_y2016_s1000/CIK__903127___serial__901434__date__2016-08-15.txt.gz
940,GZIP_y2016_s1000/CIK__906345___serial__884129__date__2016-04-29.txt.gz
941,GZIP_y2016_s1000/CIK__907254___serial__863920__date__2016-03-03.txt.gz
942,GZIP_y2016_s1000/CIK__909281___serial__918521__date__2016-10-20.txt.gz
943,GZIP_y2016_s1000/CIK__909281___serial__918522__date__2016-11-01.txt.gz
944,GZIP_y2016_s1000/CIK__909832___serial__863969__date__2016-02-01.txt.gz
945,GZIP_y2016_s1000/CIK__909832___serial__918534__date__2016-12-08.txt.gz
946,GZIP_y2016_s1000/CIK__910329___serial__884221__date__2016-06-20.txt.gz
947,GZIP_y2016_s1000/CIK__910612___serial__901551__date__2016-08-16.txt.gz
948,GZIP_y2016_s1000/CIK__91142_0__serial__864036__date__2016-01-29.txt.gz
949,GZIP_y2016_s1000/CIK__912562___serial__864057__date__2016-03-31.txt.gz
950,GZIP_y2016_s1000/CIK__912750___serial__864081__date__2016-03-21.txt.gz
951,GZIP_y2016_s1000/CIK__913241___serial__864096__date__2016-01-04.txt.gz
952,GZIP_y2016_s1000/CIK__913760___serial__918637__date__2016-12-14.txt.gz
953,GZIP_y2016_s1000/CIK__91419_0__serial__864123__date__2016-03-07.txt.gz
954,GZIP_y2016_s1000/CIK__91419_0__serial__884354__date__2016-06-21.txt.gz
955,GZIP_y2016_s1000/CIK__915778___serial__864160__date__2016-01-15.txt.gz
956,GZIP_y2016_s1000/CIK__915912___serial__864169__date__2016-02-04.txt.gz
957,GZIP_y2016_s1000/CIK__916365___serial__864183__date__2016-01-28.txt.gz
958,GZIP_y2016_s1000/CIK__916457___serial__884422__date__2016-05-24.txt.gz
959,GZIP_y2016_s1000/CIK__917273___serial__884442__date__2016-04-18.txt.gz
960,GZIP_y2016_s1000/CIK__917491___serial__918729__date__2016-12-08.txt.gz
961,GZIP_y2016_s1000/CIK__919012___serial__884504__date__2016-06-08.txt.gz
962,GZIP_y2016_s1000/CIK__920148___serial__864279__date__2016-03-09.txt.gz
963,GZIP_y2016_s1000/CIK__920148___serial__884533__date__2016-06-01.txt.gz
964,GZIP_y2016_s1000/CIK__920148___serial__884536__date__2016-06-14.txt.gz
965,GZIP_y2016_s1000/CIK__920424___serial__864292__date__2016-02-08.txt.gz
966,GZIP_y2016_s1000/CIK__921738___serial__864350__date__2016-02-04.txt.gz
967,GZIP_y2016_s1000/CIK__922475___serial__864391__date__2016-01-22.txt.gz
968,GZIP_y2016_s1000/CIK__922621___serial__918915__date__2016-10-21.txt.gz
969,GZIP_y2016_s1000/CIK__922864___serial__901899__date__2016-07-28.txt.gz
970,GZIP_y2016_s1000/CIK__922869___serial__918922__date__2016-12-05.txt.gz
971,GZIP_y2016_s1000/CIK__923139___serial__864413__date__2016-01-26.txt.gz
972,GZIP_y2016_s1000/CIK__92380_0__serial__884706__date__2016-04-21.txt.gz
973,GZIP_y2016_s1000/CIK__925306___serial__864466__date__2016-02-05.txt.gz
974,GZIP_y2016_s1000/CIK__929351___serial__884836__date__2016-06-20.txt.gz
975,GZIP_y2016_s1000/CIK__929545___serial__919051__date__2016-11-08.txt.gz
976,GZIP_y2016_s1000/CIK__930236___serial__864564__date__2016-01-28.txt.gz
977,GZIP_y2016_s1000/CIK__931015___serial__884866__date__2016-05-03.txt.gz
978,GZIP_y2016_s1000/CIK__931336___serial__884884__date__2016-05-13.txt.gz
979,GZIP_y2016_s1000/CIK__931584___serial__884887__date__2016-06-28.txt.gz
980,GZIP_y2016_s1000/CIK__931799___serial__864592__date__2016-02-18.txt.gz
981,GZIP_y2016_s1000/CIK__9326_00__serial__884910__date__2016-05-10.txt.gz
982,GZIP_y2016_s1000/CIK__93314_0__serial__919122__date__2016-12-06.txt.gz
983,GZIP_y2016_s1000/CIK__934549___serial__902107__date__2016-07-28.txt.gz
984,GZIP_y2016_s1000/CIK__93556_0__serial__902119__date__2016-07-22.txt.gz
985,GZIP_y2016_s1000/CIK__936340___serial__864681__date__2016-03-11.txt.gz
986,GZIP_y2016_s1000/CIK__936340___serial__902133__date__2016-08-17.txt.gz
987,GZIP_y2016_s1000/CIK__936402___serial__885009__date__2016-04-11.txt.gz
988,GZIP_y2016_s1000/CIK__936402___serial__902144__date__2016-07-20.txt.gz
989,GZIP_y2016_s1000/CIK__936402___serial__902145__date__2016-08-01.txt.gz
990,GZIP_y2016_s1000/CIK__9389_00__serial__885064__date__2016-04-28.txt.gz
991,GZIP_y2016_s1000/CIK__943861___serial__864786__date__2016-01-14.txt.gz
992,GZIP_y2016_s1000/CIK__944148___serial__885121__date__2016-05-13.txt.gz
993,GZIP_y2016_s1000/CIK__944480___serial__864811__date__2016-03-15.txt.gz
994,GZIP_y2016_s1000/CIK__945983___serial__864863__date__2016-03-08.txt.gz
995,GZIP_y2016_s1000/CIK__948708___serial__919317__date__2016-10-26.txt.gz
996,GZIP_y2016_s1000/CIK__949858___serial__902358__date__2016-08-04.txt.gz
997,GZIP_y2016_s1000/CIK__95029_0__serial__864940__date__2016-02-24.txt.gz
998,GZIP_y2016_s1000/CIK__96223_0__serial__864963__date__2016-01-22.txt.gz
999,GZIP_y2016_s1000/CIK__97517_0__serial__902411__date__2016-07-29.txt.gz
